optimizer,n_layers,n_neurons,learning_rate,mse,loc,model
adam,1,10,0.0077047637,0.08473540097475052,Bilbao-Vizcaya,GOW
adam,1,50,0.007363178,0.08826729655265808,Bilbao-Vizcaya,GOW
adam,1,100,0.008247083,0.09090221673250198,Bilbao-Vizcaya,GOW
adam,1,200,0.008777678,0.08832862228155136,Bilbao-Vizcaya,GOW
adam,5,10,0.008877755,0.5322834849357605,Bilbao-Vizcaya,GOW
adam,5,50,0.008877755,0.5372717976570129,Bilbao-Vizcaya,GOW
adam,5,100,0.008877755,0.3929392099380493,Bilbao-Vizcaya,GOW
adam,5,200,0.008877755,0.17970749735832214,Bilbao-Vizcaya,GOW
adam,10,10,0.008877755,1.0938845872879028,Bilbao-Vizcaya,GOW
adam,10,50,0.008877755,0.4054170250892639,Bilbao-Vizcaya,GOW
adam,10,100,0.008827575,0.3868628144264221,Bilbao-Vizcaya,GOW
adam,10,200,0.008877755,1.068287968635559,Bilbao-Vizcaya,GOW
adam,15,10,0.008877755,4.655368328094482,Bilbao-Vizcaya,GOW
adam,15,50,0.008877755,0.48798203468322754,Bilbao-Vizcaya,GOW
adam,15,100,0.008877755,1.0672709941864014,Bilbao-Vizcaya,GOW
adam,15,200,0.008877755,1.067370057106018,Bilbao-Vizcaya,GOW
sgd,1,10,0.006878983,0.08816288411617279,Bilbao-Vizcaya,GOW
sgd,1,50,0.007489461,0.08254259824752808,Bilbao-Vizcaya,GOW
sgd,1,100,0.0070367362,0.08180788904428482,Bilbao-Vizcaya,GOW
sgd,1,200,0.00653685,0.0815393477678299,Bilbao-Vizcaya,GOW
sgd,5,10,0.008777678,0.6999778747558594,Bilbao-Vizcaya,GOW
sgd,5,50,0.008827575,0.4904833734035492,Bilbao-Vizcaya,GOW
sgd,5,100,0.008827575,0.32013362646102905,Bilbao-Vizcaya,GOW
sgd,5,200,0.008877755,0.25330859422683716,Bilbao-Vizcaya,GOW
sgd,10,10,0.008777678,0.9527866244316101,Bilbao-Vizcaya,GOW
sgd,10,50,0.008532394,0.20193105936050415,Bilbao-Vizcaya,GOW
sgd,10,100,0.008293963,0.18373578786849976,Bilbao-Vizcaya,GOW
sgd,10,200,0.008777678,0.1701933592557907,Bilbao-Vizcaya,GOW
sgd,15,10,0.008877755,1.4065481424331665,Bilbao-Vizcaya,GOW
sgd,15,50,0.008532394,0.3294367790222168,Bilbao-Vizcaya,GOW
sgd,15,100,0.008728064,0.44746413826942444,Bilbao-Vizcaya,GOW
sgd,15,200,0.008777678,0.32535383105278015,Bilbao-Vizcaya,GOW
rmsprop,1,10,0.007489461,0.08834550529718399,Bilbao-Vizcaya,GOW
rmsprop,1,50,0.008777678,0.0867297425866127,Bilbao-Vizcaya,GOW
rmsprop,1,100,0.008877755,0.09577585011720657,Bilbao-Vizcaya,GOW
rmsprop,1,200,0.0077485614,0.09106249362230301,Bilbao-Vizcaya,GOW
rmsprop,5,10,0.008877755,0.7033854722976685,Bilbao-Vizcaya,GOW
rmsprop,5,50,0.008728064,0.44669896364212036,Bilbao-Vizcaya,GOW
rmsprop,5,100,0.008728064,0.25373944640159607,Bilbao-Vizcaya,GOW
rmsprop,5,200,0.008877755,0.2605789303779602,Bilbao-Vizcaya,GOW
rmsprop,10,10,0.008016625,0.821533203125,Bilbao-Vizcaya,GOW
rmsprop,10,50,0.008877755,0.4416608214378357,Bilbao-Vizcaya,GOW
rmsprop,10,100,0.008877755,0.4624718129634857,Bilbao-Vizcaya,GOW
rmsprop,10,200,0.008827575,0.37222200632095337,Bilbao-Vizcaya,GOW
rmsprop,15,10,0.008877755,0.6119967103004456,Bilbao-Vizcaya,GOW
rmsprop,15,50,0.008877755,0.5052293539047241,Bilbao-Vizcaya,GOW
rmsprop,15,100,0.008728064,0.4550054967403412,Bilbao-Vizcaya,GOW
rmsprop,15,200,0.008777678,0.6756632328033447,Bilbao-Vizcaya,GOW
adam,1,10,0.0064266287,0.08465202897787094,Bilbao-Vizcaya,COP
adam,1,50,0.007363178,0.08452372997999191,Bilbao-Vizcaya,COP
adam,1,100,0.0071574203,0.09177646785974503,Bilbao-Vizcaya,COP
adam,1,200,0.008154116,0.09823408722877502,Bilbao-Vizcaya,COP
adam,5,10,0.008877755,0.8313119411468506,Bilbao-Vizcaya,COP
adam,5,50,0.008877755,0.704774796962738,Bilbao-Vizcaya,COP
adam,5,100,0.008877755,0.3952537775039673,Bilbao-Vizcaya,COP
adam,5,200,0.008877755,0.2884218990802765,Bilbao-Vizcaya,COP
adam,10,10,0.008827575,1.2510747909545898,Bilbao-Vizcaya,COP
adam,10,50,0.008877755,1.2774155139923096,Bilbao-Vizcaya,COP
adam,10,100,0.008877755,0.3614270091056824,Bilbao-Vizcaya,COP
adam,10,200,0.008877755,0.5374924540519714,Bilbao-Vizcaya,COP
adam,15,10,0.008827575,5.194505214691162,Bilbao-Vizcaya,COP
adam,15,50,0.008877755,0.6308303475379944,Bilbao-Vizcaya,COP
adam,15,100,0.008877755,1.0668201446533203,Bilbao-Vizcaya,COP
adam,15,200,0.0056731543,1.0700700283050537,Bilbao-Vizcaya,COP
sgd,1,10,0.0073215584,0.08670315891504288,Bilbao-Vizcaya,COP
sgd,1,50,0.006996962,0.08417614549398422,Bilbao-Vizcaya,COP
sgd,1,100,0.0063903034,0.08421042561531067,Bilbao-Vizcaya,COP
sgd,1,200,0.00834111,0.08412090688943863,Bilbao-Vizcaya,COP
sgd,5,10,0.008877755,0.7017003893852234,Bilbao-Vizcaya,COP
sgd,5,50,0.008877755,0.41252636909484863,Bilbao-Vizcaya,COP
sgd,5,100,0.008877755,0.3809148669242859,Bilbao-Vizcaya,COP
sgd,5,200,0.008827575,0.3319433629512787,Bilbao-Vizcaya,COP
sgd,10,10,0.008777678,1.0706473588943481,Bilbao-Vizcaya,COP
sgd,10,50,0.008777678,0.235450878739357,Bilbao-Vizcaya,COP
sgd,10,100,0.008108025,0.17412923276424408,Bilbao-Vizcaya,COP
sgd,10,200,0.008728064,0.18207885324954987,Bilbao-Vizcaya,COP
sgd,15,10,0.008827575,1.3078505992889404,Bilbao-Vizcaya,COP
sgd,15,50,0.008629674,0.27762702107429504,Bilbao-Vizcaya,COP
sgd,15,100,0.008728064,0.3995097577571869,Bilbao-Vizcaya,COP
sgd,15,200,0.008629674,0.26618751883506775,Bilbao-Vizcaya,COP
rmsprop,1,10,0.008154116,0.09470786899328232,Bilbao-Vizcaya,COP
rmsprop,1,50,0.008532394,0.08599746972322464,Bilbao-Vizcaya,COP
rmsprop,1,100,0.008827575,0.10092324763536453,Bilbao-Vizcaya,COP
rmsprop,1,200,0.008877755,0.10502780228853226,Bilbao-Vizcaya,COP
rmsprop,5,10,0.008728064,0.7659066319465637,Bilbao-Vizcaya,COP
rmsprop,5,50,0.008877755,0.5440355539321899,Bilbao-Vizcaya,COP
rmsprop,5,100,0.008827575,0.5395717620849609,Bilbao-Vizcaya,COP
rmsprop,5,200,0.00867873,0.207184299826622,Bilbao-Vizcaya,COP
rmsprop,10,10,0.008877755,1.2288556098937988,Bilbao-Vizcaya,COP
rmsprop,10,50,0.008877755,0.4487265944480896,Bilbao-Vizcaya,COP
rmsprop,10,100,0.008877755,0.3159865438938141,Bilbao-Vizcaya,COP
rmsprop,10,200,0.008877755,0.5023509860038757,Bilbao-Vizcaya,COP
rmsprop,15,10,0.008827575,1.6888365745544434,Bilbao-Vizcaya,COP
rmsprop,15,50,0.008877755,0.555286705493927,Bilbao-Vizcaya,COP
rmsprop,15,100,0.008532394,1.0692417621612549,Bilbao-Vizcaya,COP
rmsprop,15,200,0.008877755,1.0683664083480835,Bilbao-Vizcaya,COP
adam,1,10,0.008992985,0.11533259600400925,Cabo_de_Pennas,GOW
adam,1,50,0.008627129,0.10560079663991928,Cabo_de_Pennas,GOW
adam,1,100,0.008627129,0.10975459218025208,Cabo_de_Pennas,GOW
adam,1,200,0.008314437,0.10497825592756271,Cabo_de_Pennas,GOW
adam,5,10,0.009034582,0.5974108576774597,Cabo_de_Pennas,GOW
adam,5,50,0.009076371,0.6173731088638306,Cabo_de_Pennas,GOW
adam,5,100,0.009034582,0.18531504273414612,Cabo_de_Pennas,GOW
adam,5,200,0.009076371,0.2155742645263672,Cabo_de_Pennas,GOW
adam,10,10,0.009076371,1.3242638111114502,Cabo_de_Pennas,GOW
adam,10,50,0.009076371,0.7989820241928101,Cabo_de_Pennas,GOW
adam,10,100,0.008992985,0.2929367125034332,Cabo_de_Pennas,GOW
adam,10,200,0.009076371,0.291067898273468,Cabo_de_Pennas,GOW
adam,15,10,0.009034582,2.4357657432556152,Cabo_de_Pennas,GOW
adam,15,50,0.009034582,1.6088311672210693,Cabo_de_Pennas,GOW
adam,15,100,0.009076371,1.0505471229553223,Cabo_de_Pennas,GOW
adam,15,200,0.009076371,1.0500190258026123,Cabo_de_Pennas,GOW
sgd,1,10,0.0066932407,0.1148957908153534,Cabo_de_Pennas,GOW
sgd,1,50,0.006944962,0.10544320195913315,Cabo_de_Pennas,GOW
sgd,1,100,0.008391531,0.10398177057504654,Cabo_de_Pennas,GOW
sgd,1,200,0.008050143,0.10331833362579346,Cabo_de_Pennas,GOW
sgd,5,10,0.00895158,0.5466672778129578,Cabo_de_Pennas,GOW
sgd,5,50,0.009034582,0.42254698276519775,Cabo_de_Pennas,GOW
sgd,5,100,0.008992985,0.2595064043998718,Cabo_de_Pennas,GOW
sgd,5,200,0.008992985,0.20782433450222015,Cabo_de_Pennas,GOW
sgd,10,10,0.008910365,0.8991851806640625,Cabo_de_Pennas,GOW
sgd,10,50,0.008747396,0.263226717710495,Cabo_de_Pennas,GOW
sgd,10,100,0.008276156,0.21622474491596222,Cabo_de_Pennas,GOW
sgd,10,200,0.008992985,0.2096676081418991,Cabo_de_Pennas,GOW
sgd,15,10,0.009034582,1.6401786804199219,Cabo_de_Pennas,GOW
sgd,15,50,0.008707122,0.33513501286506653,Cabo_de_Pennas,GOW
sgd,15,100,0.008910365,0.5389866828918457,Cabo_de_Pennas,GOW
sgd,15,200,0.008910365,0.46313971281051636,Cabo_de_Pennas,GOW
rmsprop,1,10,0.007616465,0.10541388392448425,Cabo_de_Pennas,GOW
rmsprop,1,50,0.009076371,0.10461672395467758,Cabo_de_Pennas,GOW
rmsprop,1,100,0.008238051,0.11521667242050171,Cabo_de_Pennas,GOW
rmsprop,1,200,0.00854787,0.10320260375738144,Cabo_de_Pennas,GOW
rmsprop,5,10,0.009076371,0.5248309969902039,Cabo_de_Pennas,GOW
rmsprop,5,50,0.009076371,0.4571395218372345,Cabo_de_Pennas,GOW
rmsprop,5,100,0.009076371,0.2749989628791809,Cabo_de_Pennas,GOW
rmsprop,5,200,0.009076371,0.17831727862358093,Cabo_de_Pennas,GOW
rmsprop,10,10,0.009076371,1.1137386560440063,Cabo_de_Pennas,GOW
rmsprop,10,50,0.009076371,1.0005431175231934,Cabo_de_Pennas,GOW
rmsprop,10,100,0.009034582,0.7161353826522827,Cabo_de_Pennas,GOW
rmsprop,10,200,0.009034582,0.3928786814212799,Cabo_de_Pennas,GOW
rmsprop,15,10,0.008352895,1.1192270517349243,Cabo_de_Pennas,GOW
rmsprop,15,50,0.009034582,0.701846718788147,Cabo_de_Pennas,GOW
rmsprop,15,100,0.008910365,0.44504839181900024,Cabo_de_Pennas,GOW
rmsprop,15,200,0.009034582,1.0496333837509155,Cabo_de_Pennas,GOW
adam,1,10,0.009076371,0.1353674829006195,Cabo_de_Pennas,COP
adam,1,50,0.008627129,0.12886209785938263,Cabo_de_Pennas,COP
adam,1,100,0.0076870876,0.1421412080526352,Cabo_de_Pennas,COP
adam,1,200,0.008276156,0.14122416079044342,Cabo_de_Pennas,COP
adam,5,10,0.009076371,0.5386711359024048,Cabo_de_Pennas,COP
adam,5,50,0.009076371,0.6133068799972534,Cabo_de_Pennas,COP
adam,5,100,0.009076371,0.2812039256095886,Cabo_de_Pennas,COP
adam,5,200,0.008992985,0.2007254958152771,Cabo_de_Pennas,COP
adam,10,10,0.008828505,0.8999664187431335,Cabo_de_Pennas,COP
adam,10,50,0.009076371,1.2600260972976685,Cabo_de_Pennas,COP
adam,10,100,0.009076371,0.8207802176475525,Cabo_de_Pennas,COP
adam,10,200,0.009076371,1.0495851039886475,Cabo_de_Pennas,COP
adam,15,10,0.009034582,5.082691669464111,Cabo_de_Pennas,COP
adam,15,50,0.009076371,0.7012233734130859,Cabo_de_Pennas,COP
adam,15,100,0.009076371,1.0498601198196411,Cabo_de_Pennas,COP
adam,15,200,0.009076371,1.049250841140747,Cabo_de_Pennas,COP
sgd,1,10,0.008124786,0.12281330674886703,Cabo_de_Pennas,COP
sgd,1,50,0.007139946,0.13005174696445465,Cabo_de_Pennas,COP
sgd,1,100,0.006944962,0.13116325438022614,Cabo_de_Pennas,COP
sgd,1,200,0.008314437,0.12998411059379578,Cabo_de_Pennas,COP
sgd,5,10,0.008992985,0.5636826753616333,Cabo_de_Pennas,COP
sgd,5,50,0.009034582,0.43663403391838074,Cabo_de_Pennas,COP
sgd,5,100,0.009034582,0.29949599504470825,Cabo_de_Pennas,COP
sgd,5,200,0.008992985,0.21014322340488434,Cabo_de_Pennas,COP
sgd,10,10,0.008910365,1.0019906759262085,Cabo_de_Pennas,COP
sgd,10,50,0.008508515,0.226432666182518,Cabo_de_Pennas,COP
sgd,10,100,0.008238051,0.22502614557743073,Cabo_de_Pennas,COP
sgd,10,200,0.008910365,0.20345410704612732,Cabo_de_Pennas,COP
sgd,15,10,0.009076371,1.6951723098754883,Cabo_de_Pennas,COP
sgd,15,50,0.008627129,0.30310678482055664,Cabo_de_Pennas,COP
sgd,15,100,0.008910365,0.5782895088195801,Cabo_de_Pennas,COP
sgd,15,200,0.008828505,0.3538106381893158,Cabo_de_Pennas,COP
rmsprop,1,10,0.00846934,0.12415634095668793,Cabo_de_Pennas,COP
rmsprop,1,50,0.008587408,0.139619380235672,Cabo_de_Pennas,COP
rmsprop,1,100,0.00786652,0.14850245416164398,Cabo_de_Pennas,COP
rmsprop,1,200,0.008587408,0.13443128764629364,Cabo_de_Pennas,COP
rmsprop,5,10,0.009034582,0.5338318347930908,Cabo_de_Pennas,COP
rmsprop,5,50,0.009076371,0.36925140023231506,Cabo_de_Pennas,COP
rmsprop,5,100,0.008992985,0.34643179178237915,Cabo_de_Pennas,COP
rmsprop,5,200,0.009034582,0.5177841186523438,Cabo_de_Pennas,COP
rmsprop,10,10,0.009076371,0.9195085763931274,Cabo_de_Pennas,COP
rmsprop,10,50,0.009076371,0.4867773652076721,Cabo_de_Pennas,COP
rmsprop,10,100,0.009034582,0.33227965235710144,Cabo_de_Pennas,COP
rmsprop,10,200,0.008707122,0.37518876791000366,Cabo_de_Pennas,COP
rmsprop,15,10,0.009076371,2.3060250282287598,Cabo_de_Pennas,COP
rmsprop,15,50,0.009034582,1.0252236127853394,Cabo_de_Pennas,COP
rmsprop,15,100,0.008869341,0.4938231408596039,Cabo_de_Pennas,COP
rmsprop,15,200,0.009034582,1.0497208833694458,Cabo_de_Pennas,COP
adam,1,10,0.008177517,0.0807187408208847,Estaca_de_Bares,GOW
adam,1,50,0.008798233,0.07960488647222519,Estaca_de_Bares,GOW
adam,1,100,0.008919759,0.07880689948797226,Estaca_de_Bares,GOW
adam,1,200,0.008960639,0.07983681559562683,Estaca_de_Bares,GOW
adam,5,10,0.009084407,0.6655474901199341,Estaca_de_Bares,GOW
adam,5,50,0.009084407,0.5536231994628906,Estaca_de_Bares,GOW
adam,5,100,0.009084407,0.31924164295196533,Estaca_de_Bares,GOW
adam,5,200,0.009042962,0.2962764501571655,Estaca_de_Bares,GOW
adam,10,10,0.009042962,1.3281817436218262,Estaca_de_Bares,GOW
adam,10,50,0.009084407,0.6987767815589905,Estaca_de_Bares,GOW
adam,10,100,0.009084407,0.5749540328979492,Estaca_de_Bares,GOW
adam,10,200,0.009042962,0.26675331592559814,Estaca_de_Bares,GOW
adam,15,10,0.009084407,0.9351146817207336,Estaca_de_Bares,GOW
adam,15,50,0.009084407,1.0915805101394653,Estaca_de_Bares,GOW
adam,15,100,0.009042962,1.040885329246521,Estaca_de_Bares,GOW
adam,15,200,0.009084407,1.0407637357711792,Estaca_de_Bares,GOW
sgd,1,10,0.008177517,0.08125817030668259,Estaca_de_Bares,GOW
sgd,1,50,0.0067795455,0.07638926059007645,Estaca_de_Bares,GOW
sgd,1,100,0.008029305,0.075859434902668,Estaca_de_Bares,GOW
sgd,1,200,0.007847812,0.07660818099975586,Estaca_de_Bares,GOW
sgd,5,10,0.009042962,0.46077683568000793,Estaca_de_Bares,GOW
sgd,5,50,0.009042962,0.4290795624256134,Estaca_de_Bares,GOW
sgd,5,100,0.009001707,0.2846900224685669,Estaca_de_Bares,GOW
sgd,5,200,0.008960639,0.2474307268857956,Estaca_de_Bares,GOW
sgd,10,10,0.008919759,0.8101107478141785,Estaca_de_Bares,GOW
sgd,10,50,0.008678364,0.20292238891124725,Estaca_de_Bares,GOW
sgd,10,100,0.008103073,0.17876099050045013,Estaca_de_Bares,GOW
sgd,10,200,0.008919759,0.1797773241996765,Estaca_de_Bares,GOW
sgd,15,10,0.008919759,1.5111459493637085,Estaca_de_Bares,GOW
sgd,15,50,0.008758094,0.2713383436203003,Estaca_de_Bares,GOW
sgd,15,100,0.008919759,0.6826029419898987,Estaca_de_Bares,GOW
sgd,15,200,0.008919759,0.36836281418800354,Estaca_de_Bares,GOW
rmsprop,1,10,0.008328465,0.07651283591985703,Estaca_de_Bares,GOW
rmsprop,1,50,0.009042962,0.12244471162557602,Estaca_de_Bares,GOW
rmsprop,1,100,0.007600593,0.11655818670988083,Estaca_de_Bares,GOW
rmsprop,1,200,0.0077408915,0.0961521714925766,Estaca_de_Bares,GOW
rmsprop,5,10,0.009042962,0.5808811187744141,Estaca_de_Bares,GOW
rmsprop,5,50,0.008960639,0.47423163056373596,Estaca_de_Bares,GOW
rmsprop,5,100,0.009084407,0.33992207050323486,Estaca_de_Bares,GOW
rmsprop,5,200,0.009042962,0.31606993079185486,Estaca_de_Bares,GOW
rmsprop,10,10,0.009084407,1.3606288433074951,Estaca_de_Bares,GOW
rmsprop,10,50,0.009084407,0.5289432406425476,Estaca_de_Bares,GOW
rmsprop,10,100,0.009001707,0.341337114572525,Estaca_de_Bares,GOW
rmsprop,10,200,0.008879065,0.34479087591171265,Estaca_de_Bares,GOW
rmsprop,15,10,0.008103073,0.8011427521705627,Estaca_de_Bares,GOW
rmsprop,15,50,0.009084407,1.0284717082977295,Estaca_de_Bares,GOW
rmsprop,15,100,0.009042962,0.5218388438224792,Estaca_de_Bares,GOW
rmsprop,15,200,0.008919759,1.044509768486023,Estaca_de_Bares,GOW
adam,1,10,0.0076704207,0.0793662890791893,Estaca_de_Bares,COP
adam,1,50,0.009084407,0.07964533567428589,Estaca_de_Bares,COP
adam,1,100,0.007705576,0.08739198744297028,Estaca_de_Bares,COP
adam,1,200,0.007032141,0.08092428743839264,Estaca_de_Bares,COP
adam,5,10,0.008960639,0.7171401977539062,Estaca_de_Bares,COP
adam,5,50,0.009084407,0.49779078364372253,Estaca_de_Bares,COP
adam,5,100,0.009084407,0.23421956598758698,Estaca_de_Bares,COP
adam,5,200,0.009042962,0.4145280420780182,Estaca_de_Bares,COP
adam,10,10,0.008678364,0.7973698377609253,Estaca_de_Bares,COP
adam,10,50,0.009084407,1.0145971775054932,Estaca_de_Bares,COP
adam,10,100,0.009084407,1.0340770483016968,Estaca_de_Bares,COP
adam,10,200,0.009084407,0.31524407863616943,Estaca_de_Bares,COP
adam,15,10,0.008960639,1.5060408115386963,Estaca_de_Bares,COP
adam,15,50,0.008252646,1.033674716949463,Estaca_de_Bares,COP
adam,15,100,0.009084407,1.0472387075424194,Estaca_de_Bares,COP
adam,15,200,0.007919911,1.041525959968567,Estaca_de_Bares,COP
sgd,1,10,0.008177517,0.08083204180002213,Estaca_de_Bares,COP
sgd,1,50,0.006330127,0.08012314140796661,Estaca_de_Bares,COP
sgd,1,100,0.007294148,0.08036686480045319,Estaca_de_Bares,COP
sgd,1,200,0.0065659783,0.08096708357334137,Estaca_de_Bares,COP
sgd,5,10,0.009001707,0.5219491720199585,Estaca_de_Bares,COP
sgd,5,50,0.009042962,0.41523507237434387,Estaca_de_Bares,COP
sgd,5,100,0.009001707,0.27780967950820923,Estaca_de_Bares,COP
sgd,5,200,0.008879065,0.210281640291214,Estaca_de_Bares,COP
sgd,10,10,0.009001707,0.9187992811203003,Estaca_de_Bares,COP
sgd,10,50,0.008758094,0.21673771739006042,Estaca_de_Bares,COP
sgd,10,100,0.008252646,0.1959507018327713,Estaca_de_Bares,COP
sgd,10,200,0.008838557,0.17916744947433472,Estaca_de_Bares,COP
sgd,15,10,0.008919759,1.5469738245010376,Estaca_de_Bares,COP
sgd,15,50,0.008758094,0.2908136248588562,Estaca_de_Bares,COP
sgd,15,100,0.008960639,0.5518878102302551,Estaca_de_Bares,COP
sgd,15,200,0.008838557,0.1919027864933014,Estaca_de_Bares,COP
rmsprop,1,10,0.008252646,0.08393970131874084,Estaca_de_Bares,COP
rmsprop,1,50,0.008328465,0.09571386873722076,Estaca_de_Bares,COP
rmsprop,1,100,0.0076704207,0.11373482644557953,Estaca_de_Bares,COP
rmsprop,1,200,0.008252646,0.09031511098146439,Estaca_de_Bares,COP
rmsprop,5,10,0.008960639,0.44040852785110474,Estaca_de_Bares,COP
rmsprop,5,50,0.009084407,0.4189857840538025,Estaca_de_Bares,COP
rmsprop,5,100,0.008960639,0.2973414659500122,Estaca_de_Bares,COP
rmsprop,5,200,0.009001707,0.1240784078836441,Estaca_de_Bares,COP
rmsprop,10,10,0.009042962,1.1581566333770752,Estaca_de_Bares,COP
rmsprop,10,50,0.009084407,0.5161783695220947,Estaca_de_Bares,COP
rmsprop,10,100,0.009042962,0.282127320766449,Estaca_de_Bares,COP
rmsprop,10,200,0.009001707,0.25131458044052124,Estaca_de_Bares,COP
rmsprop,15,10,0.009084407,1.0441668033599854,Estaca_de_Bares,COP
rmsprop,15,50,0.009001707,0.39496681094169617,Estaca_de_Bares,COP
rmsprop,15,100,0.009084407,1.04414963722229,Estaca_de_Bares,COP
rmsprop,15,200,0.009084407,1.0443358421325684,Estaca_de_Bares,COP
adam,1,10,0.008718138,0.09493838250637054,Villano-Sisargas,GOW
adam,1,50,0.0078050974,0.08610478788614273,Villano-Sisargas,GOW
adam,1,100,0.008718138,0.08383850008249283,Villano-Sisargas,GOW
adam,1,200,0.0083777495,0.08381468057632446,Villano-Sisargas,GOW
adam,5,10,0.009112591,0.8109742999076843,Villano-Sisargas,GOW
adam,5,50,0.009112591,0.460602730512619,Villano-Sisargas,GOW
adam,5,100,0.009112591,0.360856831073761,Villano-Sisargas,GOW
adam,5,200,0.009112591,0.1631442904472351,Villano-Sisargas,GOW
adam,10,10,0.009112591,1.5053367614746094,Villano-Sisargas,GOW
adam,10,50,0.009112591,0.5527665019035339,Villano-Sisargas,GOW
adam,10,100,0.009072355,0.45986443758010864,Villano-Sisargas,GOW
adam,10,200,0.009112591,0.30130818486213684,Villano-Sisargas,GOW
adam,15,10,0.009112591,2.201101779937744,Villano-Sisargas,GOW
adam,15,50,0.008873828,1.0823818445205688,Villano-Sisargas,GOW
adam,15,100,0.009112591,1.0754790306091309,Villano-Sisargas,GOW
adam,15,200,0.009112591,1.0865296125411987,Villano-Sisargas,GOW
sgd,1,10,0.007770635,0.08849415928125381,Villano-Sisargas,GOW
sgd,1,50,0.008340759,0.08465994894504547,Villano-Sisargas,GOW
sgd,1,100,0.007770635,0.08416279405355453,Villano-Sisargas,GOW
sgd,1,200,0.007207517,0.08426722139120102,Villano-Sisargas,GOW
sgd,5,10,0.009032298,0.550775945186615,Villano-Sisargas,GOW
sgd,5,50,0.009072355,0.3833968937397003,Villano-Sisargas,GOW
sgd,5,100,0.009112591,0.29030340909957886,Villano-Sisargas,GOW
sgd,5,200,0.009072355,0.2206021398305893,Villano-Sisargas,GOW
sgd,10,10,0.008952713,0.9457042217254639,Villano-Sisargas,GOW
sgd,10,50,0.008873828,0.22681191563606262,Villano-Sisargas,GOW
sgd,10,100,0.008873828,0.19693604111671448,Villano-Sisargas,GOW
sgd,10,200,0.008834646,0.21470971405506134,Villano-Sisargas,GOW
sgd,15,10,0.008913183,1.021054983139038,Villano-Sisargas,GOW
sgd,15,50,0.0087568015,0.39392194151878357,Villano-Sisargas,GOW
sgd,15,100,0.008913183,0.4299474358558655,Villano-Sisargas,GOW
sgd,15,200,0.009032298,0.6641083359718323,Villano-Sisargas,GOW
rmsprop,1,10,0.008952713,0.09614571183919907,Villano-Sisargas,GOW
rmsprop,1,50,0.008267267,0.09351609647274017,Villano-Sisargas,GOW
rmsprop,1,100,0.008050652,0.10073287039995193,Villano-Sisargas,GOW
rmsprop,1,200,0.008527361,0.0968494638800621,Villano-Sisargas,GOW
rmsprop,5,10,0.009112591,0.6631244421005249,Villano-Sisargas,GOW
rmsprop,5,50,0.009112591,0.517953634262085,Villano-Sisargas,GOW
rmsprop,5,100,0.008834646,0.314746230840683,Villano-Sisargas,GOW
rmsprop,5,200,0.009072355,0.3592756986618042,Villano-Sisargas,GOW
rmsprop,10,10,0.009112591,1.442287802696228,Villano-Sisargas,GOW
rmsprop,10,50,0.009032298,0.49214255809783936,Villano-Sisargas,GOW
rmsprop,10,100,0.009072355,0.34882616996765137,Villano-Sisargas,GOW
rmsprop,10,200,0.008952713,0.376865416765213,Villano-Sisargas,GOW
rmsprop,15,10,0.008340759,0.5384070873260498,Villano-Sisargas,GOW
rmsprop,15,50,0.009072355,0.8474280834197998,Villano-Sisargas,GOW
rmsprop,15,100,0.0078050974,1.083357810974121,Villano-Sisargas,GOW
rmsprop,15,200,0.0077363253,1.0833499431610107,Villano-Sisargas,GOW
adam,1,10,0.008679643,0.09261971712112427,Villano-Sisargas,COP
adam,1,50,0.008603166,0.08614079654216766,Villano-Sisargas,COP
adam,1,100,0.008194422,0.08723913878202438,Villano-Sisargas,COP
adam,1,200,0.007668159,0.08759337663650513,Villano-Sisargas,COP
adam,5,10,0.009112591,0.7866033315658569,Villano-Sisargas,COP
adam,5,50,0.009112591,0.5373210310935974,Villano-Sisargas,COP
adam,5,100,0.009112591,0.2741481363773346,Villano-Sisargas,COP
adam,5,200,0.009112591,0.31405016779899597,Villano-Sisargas,COP
adam,10,10,0.009112591,1.308287501335144,Villano-Sisargas,COP
adam,10,50,0.009112591,0.7708511352539062,Villano-Sisargas,COP
adam,10,100,0.009112591,0.4569196105003357,Villano-Sisargas,COP
adam,10,200,0.009072355,0.32390958070755005,Villano-Sisargas,COP
adam,15,10,0.009112591,2.5386455059051514,Villano-Sisargas,COP
adam,15,50,0.009112591,1.3168550729751587,Villano-Sisargas,COP
adam,15,100,0.009112591,1.0861586332321167,Villano-Sisargas,COP
adam,15,200,0.009112591,1.0862702131271362,Villano-Sisargas,COP
sgd,1,10,0.007702166,0.08915670961141586,Villano-Sisargas,COP
sgd,1,50,0.0082307635,0.08544684946537018,Villano-Sisargas,COP
sgd,1,100,0.008414905,0.0847451388835907,Villano-Sisargas,COP
sgd,1,200,0.007303838,0.08436054736375809,Villano-Sisargas,COP
sgd,5,10,0.009032298,0.618405818939209,Villano-Sisargas,COP
sgd,5,50,0.009072355,0.37342116236686707,Villano-Sisargas,COP
sgd,5,100,0.009072355,0.3139413595199585,Villano-Sisargas,COP
sgd,5,200,0.009072355,0.24601785838603973,Villano-Sisargas,COP
sgd,10,10,0.008952713,0.9787437915802002,Villano-Sisargas,COP
sgd,10,50,0.008873828,0.22486671805381775,Villano-Sisargas,COP
sgd,10,100,0.008913183,0.19996459782123566,Villano-Sisargas,COP
sgd,10,200,0.008952713,0.17608162760734558,Villano-Sisargas,COP
sgd,15,10,0.009032298,1.637640118598938,Villano-Sisargas,COP
sgd,15,50,0.008795638,0.3431101143360138,Villano-Sisargas,COP
sgd,15,100,0.008913183,0.5241116881370544,Villano-Sisargas,COP
sgd,15,200,0.009032298,0.6522592306137085,Villano-Sisargas,COP
rmsprop,1,10,0.008414905,0.09054768830537796,Villano-Sisargas,COP
rmsprop,1,50,0.008679643,0.08546008914709091,Villano-Sisargas,COP
rmsprop,1,100,0.008992417,0.08874361217021942,Villano-Sisargas,COP
rmsprop,1,200,0.008834646,0.08972224593162537,Villano-Sisargas,COP
rmsprop,5,10,0.009112591,0.692165195941925,Villano-Sisargas,COP
rmsprop,5,50,0.009112591,0.4501422345638275,Villano-Sisargas,COP
rmsprop,5,100,0.009112591,0.494688481092453,Villano-Sisargas,COP
rmsprop,5,200,0.009032298,0.4824795722961426,Villano-Sisargas,COP
rmsprop,10,10,0.009112591,1.3308722972869873,Villano-Sisargas,COP
rmsprop,10,50,0.009112591,0.5459338426589966,Villano-Sisargas,COP
rmsprop,10,100,0.009072355,0.3989676535129547,Villano-Sisargas,COP
rmsprop,10,200,0.008952713,0.5945048928260803,Villano-Sisargas,COP
rmsprop,15,10,0.008913183,1.190181016921997,Villano-Sisargas,COP
rmsprop,15,50,0.009112591,0.5576243996620178,Villano-Sisargas,COP
rmsprop,15,100,0.009032298,0.5418038964271545,Villano-Sisargas,COP
rmsprop,15,200,0.009072355,1.0824275016784668,Villano-Sisargas,COP
adam,1,10,0.008953278,0.07722685486078262,Cabo_Silleiro,GOW
adam,1,50,0.009165743,0.07596878707408905,Cabo_Silleiro,GOW
adam,1,100,0.009320584,0.07603664696216583,Cabo_Silleiro,GOW
adam,1,200,0.009104529,0.08053651452064514,Cabo_Silleiro,GOW
adam,5,10,0.009320584,0.6193050742149353,Cabo_Silleiro,GOW
adam,5,50,0.009320584,0.5793167948722839,Cabo_Silleiro,GOW
adam,5,100,0.009289408,0.39515188336372375,Cabo_Silleiro,GOW
adam,5,200,0.009013475,0.1029438003897667,Cabo_Silleiro,GOW
adam,10,10,0.009320584,0.9795842170715332,Cabo_Silleiro,GOW
adam,10,50,0.009289408,0.749442994594574,Cabo_Silleiro,GOW
adam,10,100,0.009320584,0.3761460781097412,Cabo_Silleiro,GOW
adam,10,200,0.009320584,0.6579902768135071,Cabo_Silleiro,GOW
adam,15,10,0.009320584,1.4083406925201416,Cabo_Silleiro,GOW
adam,15,50,0.009227369,0.7051514983177185,Cabo_Silleiro,GOW
adam,15,100,0.009320584,1.0561599731445312,Cabo_Silleiro,GOW
adam,15,200,0.008804539,1.0563924312591553,Cabo_Silleiro,GOW
sgd,1,10,0.009013475,0.07657291740179062,Cabo_Silleiro,GOW
sgd,1,50,0.00892333,0.07215674966573715,Cabo_Silleiro,GOW
sgd,1,100,0.0073720273,0.0720968171954155,Cabo_Silleiro,GOW
sgd,1,200,0.007830302,0.07186680287122726,Cabo_Silleiro,GOW
sgd,5,10,0.009196504,0.5952870845794678,Cabo_Silleiro,GOW
sgd,5,50,0.009258336,0.4070451259613037,Cabo_Silleiro,GOW
sgd,5,100,0.009320584,0.2605587840080261,Cabo_Silleiro,GOW
sgd,5,200,0.009227369,0.1777721792459488,Cabo_Silleiro,GOW
sgd,10,10,0.009227369,0.9835515022277832,Cabo_Silleiro,GOW
sgd,10,50,0.008893483,0.21443359553813934,Cabo_Silleiro,GOW
sgd,10,100,0.0071530477,0.21447740495204926,Cabo_Silleiro,GOW
sgd,10,200,0.009135085,0.24378910660743713,Cabo_Silleiro,GOW
sgd,15,10,0.008983326,1.557971477508545,Cabo_Silleiro,GOW
sgd,15,50,0.008485953,0.3677271604537964,Cabo_Silleiro,GOW
sgd,15,100,0.009165743,0.6728745698928833,Cabo_Silleiro,GOW
sgd,15,200,0.009227369,0.5218537449836731,Cabo_Silleiro,GOW
rmsprop,1,10,0.008953278,0.08741146326065063,Cabo_Silleiro,GOW
rmsprop,1,50,0.007471491,0.09614403545856476,Cabo_Silleiro,GOW
rmsprop,1,100,0.008289246,0.08245156705379486,Cabo_Silleiro,GOW
rmsprop,1,200,0.0074215923,0.07983815670013428,Cabo_Silleiro,GOW
rmsprop,5,10,0.0087164845,0.5876092910766602,Cabo_Silleiro,GOW
rmsprop,5,50,0.009289408,0.5352022647857666,Cabo_Silleiro,GOW
rmsprop,5,100,0.009320584,0.4193628132343292,Cabo_Silleiro,GOW
rmsprop,5,200,0.008953278,0.1774393916130066,Cabo_Silleiro,GOW
rmsprop,10,10,0.008457569,0.9716660380363464,Cabo_Silleiro,GOW
rmsprop,10,50,0.009165743,0.6228775382041931,Cabo_Silleiro,GOW
rmsprop,10,100,0.009227369,0.7946715950965881,Cabo_Silleiro,GOW
rmsprop,10,200,0.008514433,0.33513695001602173,Cabo_Silleiro,GOW
rmsprop,15,10,0.009320584,1.6858320236206055,Cabo_Silleiro,GOW
rmsprop,15,50,0.008953278,0.7561609148979187,Cabo_Silleiro,GOW
rmsprop,15,100,0.009289408,1.0575417280197144,Cabo_Silleiro,GOW
rmsprop,15,200,0.009258336,1.057447910308838,Cabo_Silleiro,GOW
adam,1,10,0.008863736,0.08561079204082489,Cabo_Silleiro,COP
adam,1,50,0.008893483,0.07678085565567017,Cabo_Silleiro,COP
adam,1,100,0.008893483,0.08219917863607407,Cabo_Silleiro,COP
adam,1,200,0.009258336,0.08162768930196762,Cabo_Silleiro,COP
adam,5,10,0.009320584,0.47105127573013306,Cabo_Silleiro,COP
adam,5,50,0.009320584,0.6216657757759094,Cabo_Silleiro,COP
adam,5,100,0.009320584,0.3412174880504608,Cabo_Silleiro,COP
adam,5,200,0.009320584,0.14355149865150452,Cabo_Silleiro,COP
adam,10,10,0.008514433,0.9583261609077454,Cabo_Silleiro,COP
adam,10,50,0.009289408,0.7624056935310364,Cabo_Silleiro,COP
adam,10,100,0.009258336,0.7403571605682373,Cabo_Silleiro,COP
adam,10,200,0.009258336,1.3537966012954712,Cabo_Silleiro,COP
adam,15,10,0.00892333,4.899280548095703,Cabo_Silleiro,COP
adam,15,50,0.009227369,0.9163962602615356,Cabo_Silleiro,COP
adam,15,100,0.009320584,1.0561001300811768,Cabo_Silleiro,COP
adam,15,200,0.009227369,1.056109070777893,Cabo_Silleiro,COP
sgd,1,10,0.008600446,0.08615975826978683,Cabo_Silleiro,COP
sgd,1,50,0.008372985,0.08082862198352814,Cabo_Silleiro,COP
sgd,1,100,0.008658271,0.0781242772936821,Cabo_Silleiro,COP
sgd,1,200,0.008629311,0.0780724361538887,Cabo_Silleiro,COP
sgd,5,10,0.009289408,0.7051821947097778,Cabo_Silleiro,COP
sgd,5,50,0.009258336,0.45024415850639343,Cabo_Silleiro,COP
sgd,5,100,0.009320584,0.3071361780166626,Cabo_Silleiro,COP
sgd,5,200,0.009258336,0.16334906220436096,Cabo_Silleiro,COP
sgd,10,10,0.009135085,0.9028360247612,Cabo_Silleiro,COP
sgd,10,50,0.008804539,0.20130153000354767,Cabo_Silleiro,COP
sgd,10,100,0.0072011407,0.1562046855688095,Cabo_Silleiro,COP
sgd,10,200,0.009043725,0.1451312005519867,Cabo_Silleiro,COP
sgd,15,10,0.008983326,1.921059489250183,Cabo_Silleiro,COP
sgd,15,50,0.00892333,0.24141879379749298,Cabo_Silleiro,COP
sgd,15,100,0.009074076,0.6072614789009094,Cabo_Silleiro,COP
sgd,15,200,0.009135085,0.2109888345003128,Cabo_Silleiro,COP
rmsprop,1,10,0.0086873295,0.07829319685697556,Cabo_Silleiro,COP
rmsprop,1,50,0.0073967683,0.09606543928384781,Cabo_Silleiro,COP
rmsprop,1,100,0.007298299,0.08254693448543549,Cabo_Silleiro,COP
rmsprop,1,200,0.0073967683,0.08363600075244904,Cabo_Silleiro,COP
rmsprop,5,10,0.009013475,0.5806106925010681,Cabo_Silleiro,COP
rmsprop,5,50,0.009258336,0.6314971446990967,Cabo_Silleiro,COP
rmsprop,5,100,0.009074076,0.39982840418815613,Cabo_Silleiro,COP
rmsprop,5,200,0.0073720273,0.19779857993125916,Cabo_Silleiro,COP
rmsprop,10,10,0.009289408,0.9896298050880432,Cabo_Silleiro,COP
rmsprop,10,50,0.009289408,0.6133317947387695,Cabo_Silleiro,COP
rmsprop,10,100,0.009074076,0.29918813705444336,Cabo_Silleiro,COP
rmsprop,10,200,0.009135085,0.1547410637140274,Cabo_Silleiro,COP
rmsprop,15,10,0.00892333,0.8528189063072205,Cabo_Silleiro,COP
rmsprop,15,50,0.009135085,0.6966550350189209,Cabo_Silleiro,COP
rmsprop,15,100,0.007989306,1.0575908422470093,Cabo_Silleiro,COP
rmsprop,15,200,0.009104529,1.0574584007263184,Cabo_Silleiro,COP
adam,1,10,0.009060892,0.14092299342155457,Golfo_de_Cadiz,GOW
adam,1,50,0.009090727,0.13102185726165771,Golfo_de_Cadiz,GOW
adam,1,100,0.008183033,0.13444089889526367,Golfo_de_Cadiz,GOW
adam,1,200,0.007738282,0.1316002756357193,Golfo_de_Cadiz,GOW
adam,5,10,0.009332966,0.6585571765899658,Golfo_de_Cadiz,GOW
adam,5,50,0.009332966,0.5631024241447449,Golfo_de_Cadiz,GOW
adam,5,100,0.009271807,0.5167211890220642,Golfo_de_Cadiz,GOW
adam,5,200,0.009271807,0.2667260766029358,Golfo_de_Cadiz,GOW
adam,10,10,0.009001517,0.9885042905807495,Golfo_de_Cadiz,GOW
adam,10,50,0.009332966,0.4712231457233429,Golfo_de_Cadiz,GOW
adam,10,100,0.009271807,0.4021488428115845,Golfo_de_Cadiz,GOW
adam,10,200,0.009271807,1.0746995210647583,Golfo_de_Cadiz,GOW
adam,15,10,0.009332966,1.1590992212295532,Golfo_de_Cadiz,GOW
adam,15,50,0.009090727,0.4699527323246002,Golfo_de_Cadiz,GOW
adam,15,100,0.009332966,1.072434663772583,Golfo_de_Cadiz,GOW
adam,15,200,0.009332966,1.072312593460083,Golfo_de_Cadiz,GOW
sgd,1,10,0.009060892,0.1380588263273239,Golfo_de_Cadiz,GOW
sgd,1,50,0.0071984096,0.13145531713962555,Golfo_de_Cadiz,GOW
sgd,1,100,0.007996886,0.13076752424240112,Golfo_de_Cadiz,GOW
sgd,1,200,0.0071984096,0.13027748465538025,Golfo_de_Cadiz,GOW
sgd,5,10,0.009302337,0.6439451575279236,Golfo_de_Cadiz,GOW
sgd,5,50,0.009241379,0.4145614802837372,Golfo_de_Cadiz,GOW
sgd,5,100,0.009302337,0.28181159496307373,Golfo_de_Cadiz,GOW
sgd,5,200,0.009031156,0.267436683177948,Golfo_de_Cadiz,GOW
sgd,10,10,0.00915069,0.9931135773658752,Golfo_de_Cadiz,GOW
sgd,10,50,0.009180821,0.5166780948638916,Golfo_de_Cadiz,GOW
sgd,10,100,0.00921105,0.48599377274513245,Golfo_de_Cadiz,GOW
sgd,10,200,0.009271807,0.5308591723442078,Golfo_de_Cadiz,GOW
sgd,15,10,0.009090727,1.8515067100524902,Golfo_de_Cadiz,GOW
sgd,15,50,0.009031156,0.7408273816108704,Golfo_de_Cadiz,GOW
sgd,15,100,0.009180821,0.6801314353942871,Golfo_de_Cadiz,GOW
sgd,15,200,0.009241379,0.6039241552352905,Golfo_de_Cadiz,GOW
rmsprop,1,10,0.009180821,0.13568240404129028,Golfo_de_Cadiz,GOW
rmsprop,1,50,0.0084565,0.13283151388168335,Golfo_de_Cadiz,GOW
rmsprop,1,100,0.008681839,0.15694628655910492,Golfo_de_Cadiz,GOW
rmsprop,1,200,0.0084565,0.13409021496772766,Golfo_de_Cadiz,GOW
rmsprop,5,10,0.009332966,0.9549003839492798,Golfo_de_Cadiz,GOW
rmsprop,5,50,0.009332966,0.4497867524623871,Golfo_de_Cadiz,GOW
rmsprop,5,100,0.009241379,0.5261892676353455,Golfo_de_Cadiz,GOW
rmsprop,5,200,0.008883931,0.3275616765022278,Golfo_de_Cadiz,GOW
rmsprop,10,10,0.009271807,0.8347393274307251,Golfo_de_Cadiz,GOW
rmsprop,10,50,0.00915069,0.5024909377098083,Golfo_de_Cadiz,GOW
rmsprop,10,100,0.00912066,0.5239567756652832,Golfo_de_Cadiz,GOW
rmsprop,10,200,0.00921105,0.4190812408924103,Golfo_de_Cadiz,GOW
rmsprop,15,10,0.009302337,1.0954184532165527,Golfo_de_Cadiz,GOW
rmsprop,15,50,0.009332966,0.5793880820274353,Golfo_de_Cadiz,GOW
rmsprop,15,100,0.0071984096,1.076995849609375,Golfo_de_Cadiz,GOW
rmsprop,15,200,0.0071984096,1.076993465423584,Golfo_de_Cadiz,GOW
adam,1,10,0.008102731,0.17708146572113037,Golfo_de_Cadiz,COP
adam,1,50,0.009241379,0.18857581913471222,Golfo_de_Cadiz,COP
adam,1,100,0.008156178,0.17658066749572754,Golfo_de_Cadiz,COP
adam,1,200,0.0087678805,0.19294682145118713,Golfo_de_Cadiz,COP
adam,5,10,0.009332966,0.9502609372138977,Golfo_de_Cadiz,COP
adam,5,50,0.009302337,0.6265780329704285,Golfo_de_Cadiz,COP
adam,5,100,0.009302337,0.3394320607185364,Golfo_de_Cadiz,COP
adam,5,200,0.009302337,0.40682652592658997,Golfo_de_Cadiz,COP
adam,10,10,0.00921105,1.075850486755371,Golfo_de_Cadiz,COP
adam,10,50,0.009302337,0.6932085752487183,Golfo_de_Cadiz,COP
adam,10,100,0.00915069,1.0784255266189575,Golfo_de_Cadiz,COP
adam,10,200,0.009332966,1.0716631412506104,Golfo_de_Cadiz,COP
adam,15,10,0.009332966,0.8123584985733032,Golfo_de_Cadiz,COP
adam,15,50,0.009241379,1.0706615447998047,Golfo_de_Cadiz,COP
adam,15,100,0.009332966,1.0712827444076538,Golfo_de_Cadiz,COP
adam,15,200,0.008346033,1.068435549736023,Golfo_de_Cadiz,COP
sgd,1,10,0.008401085,0.1646147072315216,Golfo_de_Cadiz,COP
sgd,1,50,0.0071984096,0.17172282934188843,Golfo_de_Cadiz,COP
sgd,1,100,0.0071984096,0.19422197341918945,Golfo_de_Cadiz,COP
sgd,1,200,0.0071984096,0.21408621966838837,Golfo_de_Cadiz,COP
sgd,5,10,0.009271807,0.6953489184379578,Golfo_de_Cadiz,COP
sgd,5,50,0.009302337,0.41364797949790955,Golfo_de_Cadiz,COP
sgd,5,100,0.00921105,0.33231857419013977,Golfo_de_Cadiz,COP
sgd,5,200,0.008854776,0.30631086230278015,Golfo_de_Cadiz,COP
sgd,10,10,0.009180821,0.9366557598114014,Golfo_de_Cadiz,COP
sgd,10,50,0.00915069,0.6882855892181396,Golfo_de_Cadiz,COP
sgd,10,100,0.00921105,0.5794508457183838,Golfo_de_Cadiz,COP
sgd,10,200,0.009241379,0.5445519089698792,Golfo_de_Cadiz,COP
sgd,15,10,0.008971975,0.7900823354721069,Golfo_de_Cadiz,COP
sgd,15,50,0.00915069,0.6776415109634399,Golfo_de_Cadiz,COP
sgd,15,100,0.009241379,0.7045773267745972,Golfo_de_Cadiz,COP
sgd,15,200,0.009241379,0.6235156655311584,Golfo_de_Cadiz,COP
rmsprop,1,10,0.009060892,0.16889122128486633,Golfo_de_Cadiz,COP
rmsprop,1,50,0.008681839,0.15933233499526978,Golfo_de_Cadiz,COP
rmsprop,1,100,0.008854776,0.16813990473747253,Golfo_de_Cadiz,COP
rmsprop,1,200,0.008264131,0.17127422988414764,Golfo_de_Cadiz,COP
rmsprop,5,10,0.009332966,0.8005633354187012,Golfo_de_Cadiz,COP
rmsprop,5,50,0.009241379,0.5103935599327087,Golfo_de_Cadiz,COP
rmsprop,5,100,0.009241379,0.41545116901397705,Golfo_de_Cadiz,COP
rmsprop,5,200,0.009060892,0.338363379240036,Golfo_de_Cadiz,COP
rmsprop,10,10,0.00912066,0.9969004392623901,Golfo_de_Cadiz,COP
rmsprop,10,50,0.009302337,0.5247448682785034,Golfo_de_Cadiz,COP
rmsprop,10,100,0.00915069,0.5959811806678772,Golfo_de_Cadiz,COP
rmsprop,10,200,0.009271807,0.41591545939445496,Golfo_de_Cadiz,COP
rmsprop,15,10,0.009271807,0.955155074596405,Golfo_de_Cadiz,COP
rmsprop,15,50,0.009180821,0.653327465057373,Golfo_de_Cadiz,COP
rmsprop,15,100,0.0071984096,1.0766233205795288,Golfo_de_Cadiz,COP
rmsprop,15,200,0.0071984096,1.0765960216522217,Golfo_de_Cadiz,COP
adam,1,10,0.00919476,0.1502823382616043,Cabo_de_Gata,GOW
adam,1,50,0.009291757,0.15894059836864471,Cabo_de_Gata,GOW
adam,1,100,0.008980203,0.15709225833415985,Cabo_de_Gata,GOW
adam,1,200,0.00917067,0.147196426987648,Cabo_de_Gata,GOW
adam,5,10,0.0094639715,0.938325047492981,Cabo_de_Gata,GOW
adam,5,50,0.0094639715,0.5065872073173523,Cabo_de_Gata,GOW
adam,5,100,0.009389778,0.2565196454524994,Cabo_de_Gata,GOW
adam,5,200,0.0094639715,0.2432262897491455,Cabo_de_Gata,GOW
adam,10,10,0.009439175,0.9687711596488953,Cabo_de_Gata,GOW
adam,10,50,0.0094639715,0.4807858169078827,Cabo_de_Gata,GOW
adam,10,100,0.009389778,0.4162604510784149,Cabo_de_Gata,GOW
adam,10,200,0.009365176,1.073676586151123,Cabo_de_Gata,GOW
adam,15,10,0.0094639715,2.598945379257202,Cabo_de_Gata,GOW
adam,15,50,0.009340639,1.1237927675247192,Cabo_de_Gata,GOW
adam,15,100,0.009414444,1.081706166267395,Cabo_de_Gata,GOW
adam,15,200,0.0094639715,1.0779105424880981,Cabo_de_Gata,GOW
sgd,1,10,0.008816793,0.15142647922039032,Cabo_de_Gata,GOW
sgd,1,50,0.009122678,0.14823076128959656,Cabo_de_Gata,GOW
sgd,1,100,0.00917067,0.1464214026927948,Cabo_de_Gata,GOW
sgd,1,200,0.009365176,0.14526529610157013,Cabo_de_Gata,GOW
sgd,5,10,0.009365176,0.6261829137802124,Cabo_de_Gata,GOW
sgd,5,50,0.009439175,0.43377459049224854,Cabo_de_Gata,GOW
sgd,5,100,0.009365176,0.2751100957393646,Cabo_de_Gata,GOW
sgd,5,200,0.009414444,0.21129991114139557,Cabo_de_Gata,GOW
sgd,10,10,0.009316166,1.0007294416427612,Cabo_de_Gata,GOW
sgd,10,50,0.009074937,0.2950677275657654,Cabo_de_Gata,GOW
sgd,10,100,0.007835006,0.24007320404052734,Cabo_de_Gata,GOW
sgd,10,200,0.009291757,0.49194473028182983,Cabo_de_Gata,GOW
sgd,15,10,0.009243132,0.8106318712234497,Cabo_de_Gata,GOW
sgd,15,50,0.009243132,0.5850153565406799,Cabo_de_Gata,GOW
sgd,15,100,0.00917067,0.48551830649375916,Cabo_de_Gata,GOW
sgd,15,200,0.009316166,0.6181358098983765,Cabo_de_Gata,GOW
rmsprop,1,10,0.009146642,0.1763075590133667,Cabo_de_Gata,GOW
rmsprop,1,50,0.009218914,0.16624030470848083,Cabo_de_Gata,GOW
rmsprop,1,100,0.008432211,0.1433199793100357,Cabo_de_Gata,GOW
rmsprop,1,200,0.009122678,0.15111398696899414,Cabo_de_Gata,GOW
rmsprop,5,10,0.009414444,0.8387583494186401,Cabo_de_Gata,GOW
rmsprop,5,50,0.009439175,0.6057984828948975,Cabo_de_Gata,GOW
rmsprop,5,100,0.009340639,0.4686377942562103,Cabo_de_Gata,GOW
rmsprop,5,200,0.009389778,0.43684613704681396,Cabo_de_Gata,GOW
rmsprop,10,10,0.009316166,1.0837174654006958,Cabo_de_Gata,GOW
rmsprop,10,50,0.009389778,0.6233126521110535,Cabo_de_Gata,GOW
rmsprop,10,100,0.009414444,0.4353432357311249,Cabo_de_Gata,GOW
rmsprop,10,200,0.009365176,0.3590826392173767,Cabo_de_Gata,GOW
rmsprop,15,10,0.009365176,0.5933750867843628,Cabo_de_Gata,GOW
rmsprop,15,50,0.009243132,0.44619202613830566,Cabo_de_Gata,GOW
rmsprop,15,100,0.009414444,0.5538220405578613,Cabo_de_Gata,GOW
rmsprop,15,200,0.0084101185,1.080429196357727,Cabo_de_Gata,GOW
adam,1,10,0.008980203,0.1803811639547348,Cabo_de_Gata,COP
adam,1,50,0.009122678,0.16676896810531616,Cabo_de_Gata,COP
adam,1,100,0.008043276,0.17883364856243134,Cabo_de_Gata,COP
adam,1,200,0.00819235,0.19063802063465118,Cabo_de_Gata,COP
adam,5,10,0.0094639715,0.8610820770263672,Cabo_de_Gata,COP
adam,5,50,0.0094639715,0.4962518811225891,Cabo_de_Gata,COP
adam,5,100,0.009439175,0.3536355197429657,Cabo_de_Gata,COP
adam,5,200,0.009074937,0.2725065350532532,Cabo_de_Gata,COP
adam,10,10,0.0094639715,0.994271457195282,Cabo_de_Gata,COP
adam,10,50,0.0094639715,0.4781292974948883,Cabo_de_Gata,COP
adam,10,100,0.0094639715,0.42835649847984314,Cabo_de_Gata,COP
adam,10,200,0.009267413,0.30128684639930725,Cabo_de_Gata,COP
adam,15,10,0.0094639715,2.4684815406799316,Cabo_de_Gata,COP
adam,15,50,0.00919476,1.0865771770477295,Cabo_de_Gata,COP
adam,15,100,0.009291757,1.0824134349822998,Cabo_de_Gata,COP
adam,15,200,0.009074937,1.0822219848632812,Cabo_de_Gata,COP
sgd,1,10,0.008633675,0.17557452619075775,Cabo_de_Gata,COP
sgd,1,50,0.007692435,0.1754608303308487,Cabo_de_Gata,COP
sgd,1,100,0.007692435,0.17929601669311523,Cabo_de_Gata,COP
sgd,1,200,0.007692435,0.18278385698795319,Cabo_de_Gata,COP
sgd,5,10,0.009365176,0.6220109462738037,Cabo_de_Gata,COP
sgd,5,50,0.009414444,0.45409074425697327,Cabo_de_Gata,COP
sgd,5,100,0.009340639,0.279873788356781,Cabo_de_Gata,COP
sgd,5,200,0.00919476,0.2533610761165619,Cabo_de_Gata,COP
sgd,10,10,0.009291757,0.9595953822135925,Cabo_de_Gata,COP
sgd,10,50,0.00917067,0.2630844712257385,Cabo_de_Gata,COP
sgd,10,100,0.008793692,0.2479989379644394,Cabo_de_Gata,COP
sgd,10,200,0.009291757,0.41904306411743164,Cabo_de_Gata,COP
sgd,15,10,0.009291757,1.107627272605896,Cabo_de_Gata,COP
sgd,15,50,0.00917067,0.6172153949737549,Cabo_de_Gata,COP
sgd,15,100,0.00917067,0.542535662651062,Cabo_de_Gata,COP
sgd,15,200,0.009291757,0.6496702432632446,Cabo_de_Gata,COP
rmsprop,1,10,0.008909802,0.19050844013690948,Cabo_de_Gata,COP
rmsprop,1,50,0.008909802,0.17690977454185486,Cabo_de_Gata,COP
rmsprop,1,100,0.0084101185,0.17325417697429657,Cabo_de_Gata,COP
rmsprop,1,200,0.0084101185,0.1663273125886917,Cabo_de_Gata,COP
rmsprop,5,10,0.0094639715,0.8108079433441162,Cabo_de_Gata,COP
rmsprop,5,50,0.009439175,0.546164333820343,Cabo_de_Gata,COP
rmsprop,5,100,0.00919476,0.3639186918735504,Cabo_de_Gata,COP
rmsprop,5,200,0.00917067,0.37050861120224,Cabo_de_Gata,COP
rmsprop,10,10,0.009243132,0.881583034992218,Cabo_de_Gata,COP
rmsprop,10,50,0.009439175,0.5876959562301636,Cabo_de_Gata,COP
rmsprop,10,100,0.0094639715,0.43736228346824646,Cabo_de_Gata,COP
rmsprop,10,200,0.009267413,0.2621944844722748,Cabo_de_Gata,COP
rmsprop,15,10,0.0094639715,1.098232626914978,Cabo_de_Gata,COP
rmsprop,15,50,0.0094639715,0.6993362903594971,Cabo_de_Gata,COP
rmsprop,15,100,0.009316166,0.5170370936393738,Cabo_de_Gata,COP
rmsprop,15,200,0.009218914,1.0802315473556519,Cabo_de_Gata,COP
adam,1,10,0.009349895,0.17537687718868256,Cabo_de_Palos,GOW
adam,1,50,0.009436987,0.1748942881822586,Cabo_de_Palos,GOW
adam,1,100,0.009178112,0.17662596702575684,Cabo_de_Palos,GOW
adam,1,200,0.009030394,0.1724425107240677,Cabo_de_Palos,GOW
adam,5,10,0.009502838,0.8465017080307007,Cabo_de_Palos,GOW
adam,5,50,0.009524891,0.5209147930145264,Cabo_de_Palos,GOW
adam,5,100,0.009480838,0.34948596358299255,Cabo_de_Palos,GOW
adam,5,200,0.009502838,0.2943060100078583,Cabo_de_Palos,GOW
adam,10,10,0.009524891,1.148403525352478,Cabo_de_Palos,GOW
adam,10,50,0.009524891,0.37050795555114746,Cabo_de_Palos,GOW
adam,10,100,0.008988627,0.22398540377616882,Cabo_de_Palos,GOW
adam,10,200,0.009480838,0.47584590315818787,Cabo_de_Palos,GOW
adam,15,10,0.009524891,2.213399887084961,Cabo_de_Palos,GOW
adam,15,50,0.009524891,1.050007700920105,Cabo_de_Palos,GOW
adam,15,100,0.009480838,1.0508962869644165,Cabo_de_Palos,GOW
adam,15,200,0.009502838,1.0517358779907227,Cabo_de_Palos,GOW
sgd,1,10,0.00930665,0.17893287539482117,Cabo_de_Palos,GOW
sgd,1,50,0.007931101,0.17494384944438934,Cabo_de_Palos,GOW
sgd,1,100,0.008621314,0.17450261116027832,Cabo_de_Palos,GOW
sgd,1,200,0.008288198,0.17467455565929413,Cabo_de_Palos,GOW
sgd,5,10,0.00939334,0.5843159556388855,Cabo_de_Palos,GOW
sgd,5,50,0.009458886,0.4805487096309662,Cabo_de_Palos,GOW
sgd,5,100,0.009458886,0.3269609212875366,Cabo_de_Palos,GOW
sgd,5,200,0.009371592,0.2531077265739441,Cabo_de_Palos,GOW
sgd,10,10,0.0094151385,1.026120901107788,Cabo_de_Palos,GOW
sgd,10,50,0.008926339,0.3394351899623871,Cabo_de_Palos,GOW
sgd,10,100,0.009328247,0.26165124773979187,Cabo_de_Palos,GOW
sgd,10,200,0.009436987,0.5070002675056458,Cabo_de_Palos,GOW
sgd,15,10,0.008423775,0.9281814098358154,Cabo_de_Palos,GOW
sgd,15,50,0.008926339,0.5200189352035522,Cabo_de_Palos,GOW
sgd,15,100,0.009199412,0.5152855515480042,Cabo_de_Palos,GOW
sgd,15,200,0.009285103,0.8534733057022095,Cabo_de_Palos,GOW
rmsprop,1,10,0.008742053,0.18341930210590363,Cabo_de_Palos,GOW
rmsprop,1,50,0.008249864,0.18752656877040863,Cabo_de_Palos,GOW
rmsprop,1,100,0.009349895,0.20557177066802979,Cabo_de_Palos,GOW
rmsprop,1,200,0.0094151385,0.20485807955265045,Cabo_de_Palos,GOW
rmsprop,5,10,0.009502838,1.0236872434616089,Cabo_de_Palos,GOW
rmsprop,5,50,0.009502838,0.43087273836135864,Cabo_de_Palos,GOW
rmsprop,5,100,0.009524891,0.38400956988334656,Cabo_de_Palos,GOW
rmsprop,5,200,0.009051351,0.34452998638153076,Cabo_de_Palos,GOW
rmsprop,10,10,0.009458886,1.02998685836792,Cabo_de_Palos,GOW
rmsprop,10,50,0.009480838,0.7338319420814514,Cabo_de_Palos,GOW
rmsprop,10,100,0.009349895,0.4389954209327698,Cabo_de_Palos,GOW
rmsprop,10,200,0.009114511,0.3132575750350952,Cabo_de_Palos,GOW
rmsprop,15,10,0.009502838,0.59944748878479,Cabo_de_Palos,GOW
rmsprop,15,50,0.009263605,0.5346617698669434,Cabo_de_Palos,GOW
rmsprop,15,100,0.007931101,1.0595059394836426,Cabo_de_Palos,GOW
rmsprop,15,200,0.007931101,1.0601056814193726,Cabo_de_Palos,GOW
adam,1,10,0.009093409,0.16898894309997559,Cabo_de_Palos,COP
adam,1,50,0.009349895,0.17033475637435913,Cabo_de_Palos,COP
adam,1,100,0.009135663,0.17237882316112518,Cabo_de_Palos,COP
adam,1,200,0.00876234,0.17776840925216675,Cabo_de_Palos,COP
adam,5,10,0.009524891,0.7700901627540588,Cabo_de_Palos,COP
adam,5,50,0.009502838,0.6711848974227905,Cabo_de_Palos,COP
adam,5,100,0.009524891,0.39904868602752686,Cabo_de_Palos,COP
adam,5,200,0.009030394,0.31967583298683167,Cabo_de_Palos,COP
adam,10,10,0.009502838,1.0560778379440308,Cabo_de_Palos,COP
adam,10,50,0.009524891,0.4481293261051178,Cabo_de_Palos,COP
adam,10,100,0.009502838,0.6919223666191101,Cabo_de_Palos,COP
adam,10,200,0.009263605,0.23648090660572052,Cabo_de_Palos,COP
adam,15,10,0.009502838,0.8948081731796265,Cabo_de_Palos,COP
adam,15,50,0.009328247,1.0509624481201172,Cabo_de_Palos,COP
adam,15,100,0.009502838,1.0518468618392944,Cabo_de_Palos,COP
adam,15,200,0.009502838,1.0507405996322632,Cabo_de_Palos,COP
sgd,1,10,0.00864132,0.17798079550266266,Cabo_de_Palos,COP
sgd,1,50,0.009285103,0.16619016230106354,Cabo_de_Palos,COP
sgd,1,100,0.009156863,0.16615734994411469,Cabo_de_Palos,COP
sgd,1,200,0.008601353,0.16428138315677643,Cabo_de_Palos,COP
sgd,5,10,0.009371592,0.6720398664474487,Cabo_de_Palos,COP
sgd,5,50,0.009502838,0.44690588116645813,Cabo_de_Palos,COP
sgd,5,100,0.009480838,0.3233157694339752,Cabo_de_Palos,COP
sgd,5,200,0.009436987,0.25043076276779175,Cabo_de_Palos,COP
sgd,10,10,0.0094151385,1.0180813074111938,Cabo_de_Palos,COP
sgd,10,50,0.009030394,0.5204533934593201,Cabo_de_Palos,COP
sgd,10,100,0.00930665,0.3370751440525055,Cabo_de_Palos,COP
sgd,10,200,0.009480838,0.500324010848999,Cabo_de_Palos,COP
sgd,15,10,0.0094151385,1.003731369972229,Cabo_de_Palos,COP
sgd,15,50,0.009135663,0.6194181442260742,Cabo_de_Palos,COP
sgd,15,100,0.009093409,0.42476823925971985,Cabo_de_Palos,COP
sgd,15,200,0.009436987,0.7883298397064209,Cabo_de_Palos,COP
rmsprop,1,10,0.009436987,0.20379847288131714,Cabo_de_Palos,COP
rmsprop,1,50,0.009178112,0.21774716675281525,Cabo_de_Palos,COP
rmsprop,1,100,0.009480838,0.22981712222099304,Cabo_de_Palos,COP
rmsprop,1,200,0.008823483,0.22005556523799896,Cabo_de_Palos,COP
rmsprop,5,10,0.009502838,1.0463361740112305,Cabo_de_Palos,COP
rmsprop,5,50,0.009480838,0.456511914730072,Cabo_de_Palos,COP
rmsprop,5,100,0.009524891,0.5370957851409912,Cabo_de_Palos,COP
rmsprop,5,200,0.00856157,0.4010007083415985,Cabo_de_Palos,COP
rmsprop,10,10,0.009502838,1.3093719482421875,Cabo_de_Palos,COP
rmsprop,10,50,0.009480838,0.3939526081085205,Cabo_de_Palos,COP
rmsprop,10,100,0.009371592,0.47620484232902527,Cabo_de_Palos,COP
rmsprop,10,200,0.009328247,0.455307275056839,Cabo_de_Palos,COP
rmsprop,15,10,0.009458886,0.8859484195709229,Cabo_de_Palos,COP
rmsprop,15,50,0.009242157,0.5714232325553894,Cabo_de_Palos,COP
rmsprop,15,100,0.007931101,1.0601407289505005,Cabo_de_Palos,COP
rmsprop,15,200,0.007931101,1.0595064163208008,Cabo_de_Palos,COP
adam,1,10,0.009381669,0.2754635512828827,Valencia,GOW
adam,1,50,0.008823205,0.27722933888435364,Valencia,GOW
adam,1,100,0.0080373455,0.27469542622566223,Valencia,GOW
adam,1,200,0.00933572,0.26065152883529663,Valencia,GOW
adam,5,10,0.009451017,0.7272358536720276,Valencia,GOW
adam,5,50,0.009497534,0.591991126537323,Valencia,GOW
adam,5,100,0.009497534,0.39495420455932617,Valencia,GOW
adam,5,200,0.009404728,0.3536124527454376,Valencia,GOW
adam,10,10,0.009497534,1.0446056127548218,Valencia,GOW
adam,10,50,0.009497534,0.5962139964103699,Valencia,GOW
adam,10,100,0.009497534,0.7251201868057251,Valencia,GOW
adam,10,200,0.009497534,1.0711524486541748,Valencia,GOW
adam,15,10,0.009497534,1.0162233114242554,Valencia,GOW
adam,15,50,0.009474247,1.0802096128463745,Valencia,GOW
adam,15,100,0.009497534,1.0775357484817505,Valencia,GOW
adam,15,200,0.009474247,1.0813926458358765,Valencia,GOW
sgd,1,10,0.008823205,0.2736852467060089,Valencia,GOW
sgd,1,50,0.008801571,0.26530399918556213,Valencia,GOW
sgd,1,100,0.008866631,0.266286700963974,Valencia,GOW
sgd,1,200,0.008954127,0.26574915647506714,Valencia,GOW
sgd,5,10,0.009474247,0.659431517124176,Valencia,GOW
sgd,5,50,0.009404728,0.4829893708229065,Valencia,GOW
sgd,5,100,0.00933572,0.3966323137283325,Valencia,GOW
sgd,5,200,0.00933572,0.30903926491737366,Valencia,GOW
sgd,10,10,0.009358666,0.9466796517372131,Valencia,GOW
sgd,10,50,0.009358666,0.7595545053482056,Valencia,GOW
sgd,10,100,0.009427844,0.6492189168930054,Valencia,GOW
sgd,10,200,0.009404728,0.6073161363601685,Valencia,GOW
sgd,15,10,0.009358666,1.0415960550308228,Valencia,GOW
sgd,15,50,0.00933572,0.8097058534622192,Valencia,GOW
sgd,15,100,0.009358666,0.8127426505088806,Valencia,GOW
sgd,15,200,0.009404728,0.7128766179084778,Valencia,GOW
rmsprop,1,10,0.009381669,0.2714938819408417,Valencia,GOW
rmsprop,1,50,0.009427844,0.279462069272995,Valencia,GOW
rmsprop,1,100,0.009020315,0.3074153959751129,Valencia,GOW
rmsprop,1,200,0.009221829,0.2757604420185089,Valencia,GOW
rmsprop,5,10,0.009497534,0.6729589700698853,Valencia,GOW
rmsprop,5,50,0.009474247,0.440395325422287,Valencia,GOW
rmsprop,5,100,0.009451017,0.47733983397483826,Valencia,GOW
rmsprop,5,200,0.00933572,0.4570951759815216,Valencia,GOW
rmsprop,10,10,0.009497534,0.9434375166893005,Valencia,GOW
rmsprop,10,50,0.009474247,0.585223913192749,Valencia,GOW
rmsprop,10,100,0.009312829,0.6647496819496155,Valencia,GOW
rmsprop,10,200,0.009404728,0.34312698245048523,Valencia,GOW
rmsprop,15,10,0.009497534,0.9667299389839172,Valencia,GOW
rmsprop,15,50,0.0092672175,0.5877702236175537,Valencia,GOW
rmsprop,15,100,0.009358666,0.5385618805885315,Valencia,GOW
rmsprop,15,200,0.009451017,1.065340518951416,Valencia,GOW
adam,1,10,0.009427844,0.32159358263015747,Valencia,COP
adam,1,50,0.009289995,0.29987186193466187,Valencia,COP
adam,1,100,0.009244495,0.29636189341545105,Valencia,COP
adam,1,200,0.009199218,0.3056524693965912,Valencia,COP
adam,5,10,0.009497534,0.7381861209869385,Valencia,COP
adam,5,50,0.009497534,0.5729078054428101,Valencia,COP
adam,5,100,0.009474247,0.4744790494441986,Valencia,COP
adam,5,200,0.009404728,0.4023500680923462,Valencia,COP
adam,10,10,0.009358666,1.0054749250411987,Valencia,COP
adam,10,50,0.00933572,0.6106671690940857,Valencia,COP
adam,10,100,0.009497534,1.071260690689087,Valencia,COP
adam,10,200,0.009497534,1.069006323814392,Valencia,COP
adam,15,10,0.009497534,1.616952657699585,Valencia,COP
adam,15,50,0.009474247,1.0783089399337769,Valencia,COP
adam,15,100,0.009497534,1.0740089416503906,Valencia,COP
adam,15,200,0.008954127,1.0710490942001343,Valencia,COP
sgd,1,10,0.00782321,0.30915722250938416,Valencia,COP
sgd,1,50,0.009381669,0.3008935749530792,Valencia,COP
sgd,1,100,0.0082573425,0.29958802461624146,Valencia,COP
sgd,1,200,0.008567075,0.2980603873729706,Valencia,COP
sgd,5,10,0.009474247,0.7028628587722778,Valencia,COP
sgd,5,50,0.009404728,0.49845921993255615,Valencia,COP
sgd,5,100,0.009404728,0.41380953788757324,Valencia,COP
sgd,5,200,0.009176662,0.35381707549095154,Valencia,COP
sgd,10,10,0.009358666,0.9391732811927795,Valencia,COP
sgd,10,50,0.009312829,0.7431955337524414,Valencia,COP
sgd,10,100,0.009404728,0.6399028897285461,Valencia,COP
sgd,10,200,0.009404728,0.5959861278533936,Valencia,COP
sgd,15,10,0.009312829,1.0021015405654907,Valencia,COP
sgd,15,50,0.009312829,0.7026631236076355,Valencia,COP
sgd,15,100,0.009358666,0.7457430362701416,Valencia,COP
sgd,15,200,0.009404728,0.7235708832740784,Valencia,COP
rmsprop,1,10,0.009064712,0.3065337538719177,Valencia,COP
rmsprop,1,50,0.008359321,0.2989118695259094,Valencia,COP
rmsprop,1,100,0.0087369885,0.29605206847190857,Valencia,COP
rmsprop,1,200,0.008954127,0.30888286232948303,Valencia,COP
rmsprop,5,10,0.009474247,0.5671864151954651,Valencia,COP
rmsprop,5,50,0.009474247,0.4884083867073059,Valencia,COP
rmsprop,5,100,0.009474247,0.39246246218681335,Valencia,COP
rmsprop,5,200,0.009176662,0.4547005295753479,Valencia,COP
rmsprop,10,10,0.009497534,0.8724026679992676,Valencia,COP
rmsprop,10,50,0.009358666,0.576296329498291,Valencia,COP
rmsprop,10,100,0.009289995,0.7011311054229736,Valencia,COP
rmsprop,10,200,0.008910272,0.603028416633606,Valencia,COP
rmsprop,15,10,0.009244495,0.9600634574890137,Valencia,COP
rmsprop,15,50,0.009451017,0.7757202982902527,Valencia,COP
rmsprop,15,100,0.009451017,1.0655497312545776,Valencia,COP
rmsprop,15,200,0.009474247,1.065321445465088,Valencia,COP
adam,1,10,0.009321174,0.1524616777896881,Tarragona,GOW
adam,1,50,0.0092667295,0.1455124467611313,Tarragona,GOW
adam,1,100,0.008339353,0.14389891922473907,Tarragona,GOW
adam,1,200,0.008612416,0.1450253427028656,Tarragona,GOW
adam,5,10,0.009348515,0.7345598936080933,Tarragona,GOW
adam,5,50,0.00940344,0.47871702909469604,Tarragona,GOW
adam,5,100,0.009348515,0.22224882245063782,Tarragona,GOW
adam,5,200,0.009105297,0.18385355174541473,Tarragona,GOW
adam,10,10,0.009375937,0.9635692238807678,Tarragona,GOW
adam,10,50,0.009375937,0.5134434103965759,Tarragona,GOW
adam,10,100,0.009348515,0.5394613146781921,Tarragona,GOW
adam,10,200,0.009375937,0.370156854391098,Tarragona,GOW
adam,15,10,0.009348515,0.9960036873817444,Tarragona,GOW
adam,15,50,0.00940344,1.1382473707199097,Tarragona,GOW
adam,15,100,0.009348515,1.0818476676940918,Tarragona,GOW
adam,15,200,0.008816606,1.0834333896636963,Tarragona,GOW
sgd,1,10,0.00746095,0.14958073198795319,Tarragona,GOW
sgd,1,50,0.0077732555,0.14107327163219452,Tarragona,GOW
sgd,1,100,0.007818925,0.14073632657527924,Tarragona,GOW
sgd,1,200,0.008512101,0.1413722187280655,Tarragona,GOW
sgd,5,10,0.009293911,0.6536614894866943,Tarragona,GOW
sgd,5,50,0.009321174,0.47033318877220154,Tarragona,GOW
sgd,5,100,0.009375937,0.3039965033531189,Tarragona,GOW
sgd,5,200,0.009321174,0.21313737332820892,Tarragona,GOW
sgd,10,10,0.009239626,0.9949308037757874,Tarragona,GOW
sgd,10,50,0.009239626,0.6096938848495483,Tarragona,GOW
sgd,10,100,0.009239626,0.5037357807159424,Tarragona,GOW
sgd,10,200,0.009293911,0.5331242084503174,Tarragona,GOW
sgd,15,10,0.009239626,0.8522586822509766,Tarragona,GOW
sgd,15,50,0.009212603,0.7847111225128174,Tarragona,GOW
sgd,15,100,0.009239626,0.6705206036567688,Tarragona,GOW
sgd,15,200,0.0092667295,0.7478874325752258,Tarragona,GOW
rmsprop,1,10,0.009293911,0.14975565671920776,Tarragona,GOW
rmsprop,1,50,0.0077732555,0.14728710055351257,Tarragona,GOW
rmsprop,1,100,0.009293911,0.14717495441436768,Tarragona,GOW
rmsprop,1,200,0.00892051,0.155850350856781,Tarragona,GOW
rmsprop,5,10,0.009375937,1.0005587339401245,Tarragona,GOW
rmsprop,5,50,0.009375937,0.5119802355766296,Tarragona,GOW
rmsprop,5,100,0.009375937,0.5155606865882874,Tarragona,GOW
rmsprop,5,200,0.009321174,0.2175319939851761,Tarragona,GOW
rmsprop,10,10,0.00940344,1.0491803884506226,Tarragona,GOW
rmsprop,10,50,0.00940344,0.3984878659248352,Tarragona,GOW
rmsprop,10,100,0.009375937,0.4468003809452057,Tarragona,GOW
rmsprop,10,200,0.009158793,0.27435049414634705,Tarragona,GOW
rmsprop,15,10,0.00940344,1.2446869611740112,Tarragona,GOW
rmsprop,15,50,0.009375937,0.6507925391197205,Tarragona,GOW
rmsprop,15,100,0.009321174,0.45572376251220703,Tarragona,GOW
rmsprop,15,200,0.009375937,1.095263123512268,Tarragona,GOW
adam,1,10,0.009158793,0.15697640180587769,Tarragona,COP
adam,1,50,0.007980893,0.19498927891254425,Tarragona,COP
adam,1,100,0.0088684065,0.1995515376329422,Tarragona,COP
adam,1,200,0.009158793,0.18439419567584991,Tarragona,COP
adam,5,10,0.00940344,0.7839140892028809,Tarragona,COP
adam,5,50,0.00940344,0.563721776008606,Tarragona,COP
adam,5,100,0.009348515,0.3294856548309326,Tarragona,COP
adam,5,200,0.009375937,0.2697289288043976,Tarragona,COP
adam,10,10,0.009348515,1.1330419778823853,Tarragona,COP
adam,10,50,0.00940344,0.3648426830768585,Tarragona,COP
adam,10,100,0.00889442,1.0830198526382446,Tarragona,COP
adam,10,200,0.009239626,1.082751750946045,Tarragona,COP
adam,15,10,0.00940344,2.774538040161133,Tarragona,COP
adam,15,50,0.009375937,0.5316016674041748,Tarragona,COP
adam,15,100,0.00940344,1.0836670398712158,Tarragona,COP
adam,15,200,0.00940344,1.0827717781066895,Tarragona,COP
sgd,1,10,0.008487205,0.18091338872909546,Tarragona,COP
sgd,1,50,0.008790821,0.16953757405281067,Tarragona,COP
sgd,1,100,0.00746095,0.16564229130744934,Tarragona,COP
sgd,1,200,0.00746095,0.1659160852432251,Tarragona,COP
sgd,5,10,0.009293911,0.6778615713119507,Tarragona,COP
sgd,5,50,0.009348515,0.48074018955230713,Tarragona,COP
sgd,5,100,0.009348515,0.36252927780151367,Tarragona,COP
sgd,5,200,0.009293911,0.2677212655544281,Tarragona,COP
sgd,10,10,0.009185659,0.9139615893363953,Tarragona,COP
sgd,10,50,0.009239626,0.6817307472229004,Tarragona,COP
sgd,10,100,0.009348515,0.5195420384407043,Tarragona,COP
sgd,10,200,0.009375937,0.5139484405517578,Tarragona,COP
sgd,15,10,0.009239626,0.9565674662590027,Tarragona,COP
sgd,15,50,0.009158793,0.7323803305625916,Tarragona,COP
sgd,15,100,0.009239626,0.7032322287559509,Tarragona,COP
sgd,15,200,0.009321174,0.5934454798698425,Tarragona,COP
rmsprop,1,10,0.009348515,0.2075480818748474,Tarragona,COP
rmsprop,1,50,0.00892051,0.2214985489845276,Tarragona,COP
rmsprop,1,100,0.008612416,0.21268433332443237,Tarragona,COP
rmsprop,1,200,0.008663016,0.2145324945449829,Tarragona,COP
rmsprop,5,10,0.009293911,0.6469025611877441,Tarragona,COP
rmsprop,5,50,0.009348515,0.6882731914520264,Tarragona,COP
rmsprop,5,100,0.00940344,0.5167575478553772,Tarragona,COP
rmsprop,5,200,0.009348515,0.3631879985332489,Tarragona,COP
rmsprop,10,10,0.009348515,1.066422939300537,Tarragona,COP
rmsprop,10,50,0.009375937,0.6913479566574097,Tarragona,COP
rmsprop,10,100,0.009132006,0.6629992723464966,Tarragona,COP
rmsprop,10,200,0.0086884275,0.3040562868118286,Tarragona,COP
rmsprop,15,10,0.00940344,0.8001357913017273,Tarragona,COP
rmsprop,15,50,0.009025639,0.7277100682258606,Tarragona,COP
rmsprop,15,100,0.009293911,0.633988082408905,Tarragona,COP
rmsprop,15,200,0.008663016,1.0960304737091064,Tarragona,COP
adam,1,10,0.008834646,0.09567806869745255,Cabo_Begur,GOW
adam,1,50,0.009112591,0.10656440258026123,Cabo_Begur,GOW
adam,1,100,0.009056311,0.1038590595126152,Cabo_Begur,GOW
adam,1,200,0.008618407,0.10456659644842148,Cabo_Begur,GOW
adam,5,10,0.00934123,0.705963134765625,Cabo_Begur,GOW
adam,5,50,0.00937021,0.49990037083625793,Cabo_Begur,GOW
adam,5,100,0.00934123,0.34628069400787354,Cabo_Begur,GOW
adam,5,200,0.009283538,0.22620385885238647,Cabo_Begur,GOW
adam,10,10,0.00937021,0.8828217387199402,Cabo_Begur,GOW
adam,10,50,0.00937021,0.3231165409088135,Cabo_Begur,GOW
adam,10,100,0.009312338,0.5000162720680237,Cabo_Begur,GOW
adam,10,200,0.00934123,1.0814541578292847,Cabo_Begur,GOW
adam,15,10,0.00937021,0.8769883513450623,Cabo_Begur,GOW
adam,15,50,0.00937021,1.0961557626724243,Cabo_Begur,GOW
adam,15,100,0.00934123,1.0993318557739258,Cabo_Begur,GOW
adam,15,200,0.008645144,1.1009138822555542,Cabo_Begur,GOW
sgd,1,10,0.009283538,0.09224864095449448,Cabo_Begur,GOW
sgd,1,50,0.009000379,0.09659826755523682,Cabo_Begur,GOW
sgd,1,100,0.008917128,0.09700888395309448,Cabo_Begur,GOW
sgd,1,200,0.008459708,0.09887848049402237,Cabo_Begur,GOW
sgd,5,10,0.009226202,0.6360575556755066,Cabo_Begur,GOW
sgd,5,50,0.009254825,0.41162675619125366,Cabo_Begur,GOW
sgd,5,100,0.009197667,0.26923659443855286,Cabo_Begur,GOW
sgd,5,200,0.008917128,0.2030874490737915,Cabo_Begur,GOW
sgd,10,10,0.009197667,1.0307377576828003,Cabo_Begur,GOW
sgd,10,50,0.009226202,0.5079567432403564,Cabo_Begur,GOW
sgd,10,100,0.009283538,0.42524272203445435,Cabo_Begur,GOW
sgd,10,200,0.009283538,0.46451759338378906,Cabo_Begur,GOW
sgd,15,10,0.009197667,0.8833703398704529,Cabo_Begur,GOW
sgd,15,50,0.009084407,0.5838680267333984,Cabo_Begur,GOW
sgd,15,100,0.009140862,0.5300940871238708,Cabo_Begur,GOW
sgd,15,200,0.009254825,0.607650876045227,Cabo_Begur,GOW
rmsprop,1,10,0.008618407,0.09133810549974442,Cabo_Begur,GOW
rmsprop,1,50,0.009226202,0.10479351878166199,Cabo_Begur,GOW
rmsprop,1,100,0.008834646,0.10793055593967438,Cabo_Begur,GOW
rmsprop,1,200,0.008917128,0.10253095626831055,Cabo_Begur,GOW
rmsprop,5,10,0.009254825,0.7378588318824768,Cabo_Begur,GOW
rmsprop,5,50,0.00934123,0.4785308241844177,Cabo_Begur,GOW
rmsprop,5,100,0.009254825,0.33513468503952026,Cabo_Begur,GOW
rmsprop,5,200,0.00934123,0.27990850806236267,Cabo_Begur,GOW
rmsprop,10,10,0.009169221,1.033315896987915,Cabo_Begur,GOW
rmsprop,10,50,0.009283538,0.44140782952308655,Cabo_Begur,GOW
rmsprop,10,100,0.00937021,0.403805136680603,Cabo_Begur,GOW
rmsprop,10,200,0.008944792,0.2654164135456085,Cabo_Begur,GOW
rmsprop,15,10,0.008355536,0.6815639734268188,Cabo_Begur,GOW
rmsprop,15,50,0.00934123,0.6446393132209778,Cabo_Begur,GOW
rmsprop,15,100,0.00733623,1.0856696367263794,Cabo_Begur,GOW
rmsprop,15,200,0.00733623,1.0845789909362793,Cabo_Begur,GOW
adam,1,10,0.008591752,0.11980512738227844,Cabo_Begur,COP
adam,1,50,0.009028302,0.12030869722366333,Cabo_Begur,COP
adam,1,100,0.008944792,0.14998431503772736,Cabo_Begur,COP
adam,1,200,0.008834646,0.15144892036914825,Cabo_Begur,COP
adam,5,10,0.00937021,0.9590175747871399,Cabo_Begur,COP
adam,5,50,0.00937021,0.5652430057525635,Cabo_Begur,COP
adam,5,100,0.00934123,0.32407525181770325,Cabo_Begur,COP
adam,5,200,0.009112591,0.14330966770648956,Cabo_Begur,COP
adam,10,10,0.00937021,0.984975278377533,Cabo_Begur,COP
adam,10,50,0.00934123,0.49769625067710876,Cabo_Begur,COP
adam,10,100,0.00934123,0.38483867049217224,Cabo_Begur,COP
adam,10,200,0.009084407,0.28059664368629456,Cabo_Begur,COP
adam,15,10,0.00934123,0.9778400659561157,Cabo_Begur,COP
adam,15,50,0.009312338,1.0995582342147827,Cabo_Begur,COP
adam,15,100,0.00937021,1.1011523008346558,Cabo_Begur,COP
adam,15,200,0.007951517,1.1010165214538574,Cabo_Begur,COP
sgd,1,10,0.00733623,0.10818329453468323,Cabo_Begur,COP
sgd,1,50,0.00733623,0.10471192747354507,Cabo_Begur,COP
sgd,1,100,0.0073818206,0.10867246240377426,Cabo_Begur,COP
sgd,1,200,0.00733623,0.11013715714216232,Cabo_Begur,COP
sgd,5,10,0.009197667,0.7253033518791199,Cabo_Begur,COP
sgd,5,50,0.00934123,0.46400439739227295,Cabo_Begur,COP
sgd,5,100,0.009312338,0.3422738015651703,Cabo_Begur,COP
sgd,5,200,0.009254825,0.2271031141281128,Cabo_Begur,COP
sgd,10,10,0.009226202,1.0546401739120483,Cabo_Begur,COP
sgd,10,50,0.009226202,0.5549318194389343,Cabo_Begur,COP
sgd,10,100,0.009169221,0.45719003677368164,Cabo_Begur,COP
sgd,10,200,0.009312338,0.5064452290534973,Cabo_Begur,COP
sgd,15,10,0.009028302,0.9179843068122864,Cabo_Begur,COP
sgd,15,50,0.009000379,0.6075119376182556,Cabo_Begur,COP
sgd,15,100,0.009140862,0.4440726339817047,Cabo_Begur,COP
sgd,15,200,0.009283538,0.5466868877410889,Cabo_Begur,COP
rmsprop,1,10,0.008591752,0.13222141563892365,Cabo_Begur,COP
rmsprop,1,50,0.008000931,0.14726193249225616,Cabo_Begur,COP
rmsprop,1,100,0.009112591,0.14762026071548462,Cabo_Begur,COP
rmsprop,1,200,0.008329693,0.14659303426742554,Cabo_Begur,COP
rmsprop,5,10,0.00937021,0.8548773527145386,Cabo_Begur,COP
rmsprop,5,50,0.009283538,0.5402599573135376,Cabo_Begur,COP
rmsprop,5,100,0.00937021,0.49405932426452637,Cabo_Begur,COP
rmsprop,5,200,0.00937021,0.2829257547855377,Cabo_Begur,COP
rmsprop,10,10,0.00937021,0.9831539392471313,Cabo_Begur,COP
rmsprop,10,50,0.00937021,0.6390607953071594,Cabo_Begur,COP
rmsprop,10,100,0.00934123,0.3203701674938202,Cabo_Begur,COP
rmsprop,10,200,0.009169221,0.43879562616348267,Cabo_Begur,COP
rmsprop,15,10,0.00937021,1.583226203918457,Cabo_Begur,COP
rmsprop,15,50,0.00934123,0.6140321493148804,Cabo_Begur,COP
rmsprop,15,100,0.009254825,0.5732019543647766,Cabo_Begur,COP
rmsprop,15,200,0.009000379,1.0669373273849487,Cabo_Begur,COP
adam,1,10,0.009204065,0.11900388449430466,Dragonera,GOW
adam,1,50,0.008574932,0.12156745046377182,Dragonera,GOW
adam,1,100,0.008803426,0.11377681791782379,Dragonera,GOW
adam,1,200,0.009506845,0.13464851677417755,Dragonera,GOW
adam,5,10,0.009584082,0.6321449875831604,Dragonera,GOW
adam,5,50,0.0095647145,0.46842125058174133,Dragonera,GOW
adam,5,100,0.0095647145,0.26415517926216125,Dragonera,GOW
adam,5,200,0.009545386,0.18730054795742035,Dragonera,GOW
adam,10,10,0.009584082,1.0353506803512573,Dragonera,GOW
adam,10,50,0.0095647145,0.5315830111503601,Dragonera,GOW
adam,10,100,0.0095647145,0.941836416721344,Dragonera,GOW
adam,10,200,0.009584082,0.24517486989498138,Dragonera,GOW
adam,15,10,0.009335326,0.993379533290863,Dragonera,GOW
adam,15,50,0.0095647145,0.7432903051376343,Dragonera,GOW
adam,15,100,0.009506845,1.107430100440979,Dragonera,GOW
adam,15,200,0.009584082,1.1098719835281372,Dragonera,GOW
sgd,1,10,0.008168562,0.12134233117103577,Dragonera,GOW
sgd,1,50,0.008168562,0.11464817076921463,Dragonera,GOW
sgd,1,100,0.008168562,0.11335573345422745,Dragonera,GOW
sgd,1,200,0.008168562,0.11286445707082748,Dragonera,GOW
sgd,5,10,0.009468459,0.6009636521339417,Dragonera,GOW
sgd,5,50,0.009487633,0.4208124876022339,Dragonera,GOW
sgd,5,100,0.009545386,0.23482605814933777,Dragonera,GOW
sgd,5,200,0.009449325,0.17210891842842102,Dragonera,GOW
sgd,10,10,0.009411171,0.8565477728843689,Dragonera,GOW
sgd,10,50,0.009430228,0.5860362648963928,Dragonera,GOW
sgd,10,100,0.009335326,0.5086303949356079,Dragonera,GOW
sgd,10,200,0.009487633,0.48320889472961426,Dragonera,GOW
sgd,15,10,0.008928973,0.6480019688606262,Dragonera,GOW
sgd,15,50,0.009335326,0.6664611101150513,Dragonera,GOW
sgd,15,100,0.009430228,0.5658751130104065,Dragonera,GOW
sgd,15,200,0.009392153,0.5493312478065491,Dragonera,GOW
rmsprop,1,10,0.00869722,0.12241218239068985,Dragonera,GOW
rmsprop,1,50,0.0087678805,0.14185687899589539,Dragonera,GOW
rmsprop,1,100,0.00903801,0.11361730843782425,Dragonera,GOW
rmsprop,1,200,0.0085922945,0.11870137602090836,Dragonera,GOW
rmsprop,5,10,0.009468459,0.6212044954299927,Dragonera,GOW
rmsprop,5,50,0.009584082,0.3899850845336914,Dragonera,GOW
rmsprop,5,100,0.009545386,0.4894520342350006,Dragonera,GOW
rmsprop,5,200,0.009506845,0.3107970952987671,Dragonera,GOW
rmsprop,10,10,0.00931646,0.8881211280822754,Dragonera,GOW
rmsprop,10,50,0.009584082,0.46075528860092163,Dragonera,GOW
rmsprop,10,100,0.009449325,0.17833198606967926,Dragonera,GOW
rmsprop,10,200,0.009204065,0.2863271236419678,Dragonera,GOW
rmsprop,15,10,0.009584082,1.1059718132019043,Dragonera,GOW
rmsprop,15,50,0.009545386,0.9132177233695984,Dragonera,GOW
rmsprop,15,100,0.009545386,1.118436336517334,Dragonera,GOW
rmsprop,15,200,0.008505825,1.1164252758026123,Dragonera,GOW
adam,1,10,0.00931646,0.12633192539215088,Dragonera,COP
adam,1,50,0.008386228,0.12651485204696655,Dragonera,COP
adam,1,100,0.009392153,0.14048416912555695,Dragonera,COP
adam,1,200,0.009373171,0.14139355719089508,Dragonera,COP
adam,5,10,0.009584082,0.7629334926605225,Dragonera,COP
adam,5,50,0.009526095,0.45053431391716003,Dragonera,COP
adam,5,100,0.009487633,0.28352344036102295,Dragonera,COP
adam,5,200,0.009545386,0.24328437447547913,Dragonera,COP
adam,10,10,0.009584082,1.3052455186843872,Dragonera,COP
adam,10,50,0.009584082,0.32835912704467773,Dragonera,COP
adam,10,100,0.009584082,0.4125235378742218,Dragonera,COP
adam,10,200,0.009392153,0.18817754089832306,Dragonera,COP
adam,15,10,0.009584082,1.0123200416564941,Dragonera,COP
adam,15,50,0.009373171,1.1038542985916138,Dragonera,COP
adam,15,100,0.009545386,1.1046497821807861,Dragonera,COP
adam,15,200,0.0095647145,1.1025549173355103,Dragonera,COP
sgd,1,10,0.008168562,0.12967169284820557,Dragonera,COP
sgd,1,50,0.008168562,0.1242973580956459,Dragonera,COP
sgd,1,100,0.008168562,0.12375018000602722,Dragonera,COP
sgd,1,200,0.008420226,0.1221342384815216,Dragonera,COP
sgd,5,10,0.009468459,0.5652915239334106,Dragonera,COP
sgd,5,50,0.009506845,0.3628917336463928,Dragonera,COP
sgd,5,100,0.009506845,0.26324304938316345,Dragonera,COP
sgd,5,200,0.009260092,0.2016289234161377,Dragonera,COP
sgd,10,10,0.009468459,0.8919340372085571,Dragonera,COP
sgd,10,50,0.009392153,0.5990936756134033,Dragonera,COP
sgd,10,100,0.009449325,0.3705291450023651,Dragonera,COP
sgd,10,200,0.009506845,0.4396606981754303,Dragonera,COP
sgd,15,10,0.009335326,0.8475456833839417,Dragonera,COP
sgd,15,50,0.009260092,0.5912714004516602,Dragonera,COP
sgd,15,100,0.009392153,0.6348138451576233,Dragonera,COP
sgd,15,200,0.009392153,0.5653024911880493,Dragonera,COP
rmsprop,1,10,0.009148377,0.12727998197078705,Dragonera,COP
rmsprop,1,50,0.009449325,0.15313729643821716,Dragonera,COP
rmsprop,1,100,0.009129889,0.14442969858646393,Dragonera,COP
rmsprop,1,200,0.009335326,0.15174180269241333,Dragonera,COP
rmsprop,5,10,0.009487633,0.7603499889373779,Dragonera,COP
rmsprop,5,50,0.009411171,0.5237200856208801,Dragonera,COP
rmsprop,5,100,0.009526095,0.1760362833738327,Dragonera,COP
rmsprop,5,200,0.009430228,0.23826077580451965,Dragonera,COP
rmsprop,10,10,0.009584082,1.1480910778045654,Dragonera,COP
rmsprop,10,50,0.009584082,0.3845425844192505,Dragonera,COP
rmsprop,10,100,0.009260092,0.36337950825691223,Dragonera,COP
rmsprop,10,200,0.009449325,0.18553081154823303,Dragonera,COP
rmsprop,15,10,0.0095647145,0.9349932074546814,Dragonera,COP
rmsprop,15,50,0.009545386,0.8586722612380981,Dragonera,COP
rmsprop,15,100,0.00935423,0.38693752884864807,Dragonera,COP
rmsprop,15,200,0.008420226,1.1164090633392334,Dragonera,COP
adam,1,10,0.0079314355,0.08804616332054138,Mahon,GOW
adam,1,50,0.008479787,0.08752129971981049,Mahon,GOW
adam,1,100,0.008905861,0.08611122518777847,Mahon,GOW
adam,1,200,0.0075519797,0.08729653805494308,Mahon,GOW
adam,5,10,0.009106544,0.9067962765693665,Mahon,GOW
adam,5,50,0.009066049,0.4506281018257141,Mahon,GOW
adam,5,100,0.009106544,0.2562844157218933,Mahon,GOW
adam,5,200,0.00894564,0.14689452946186066,Mahon,GOW
adam,10,10,0.009106544,1.0755484104156494,Mahon,GOW
adam,10,50,0.009106544,0.3413524925708771,Mahon,GOW
adam,10,100,0.009106544,0.3238181471824646,Mahon,GOW
adam,10,200,0.00894564,1.1011399030685425,Mahon,GOW
adam,15,10,0.009106544,1.4234029054641724,Mahon,GOW
adam,15,50,0.009106544,1.1008954048156738,Mahon,GOW
adam,15,100,0.009066049,1.101116418838501,Mahon,GOW
adam,15,200,0.009066049,1.1010445356369019,Mahon,GOW
sgd,1,10,0.0072550587,0.09282352775335312,Mahon,GOW
sgd,1,50,0.00745168,0.08486168831586838,Mahon,GOW
sgd,1,100,0.007896165,0.08352810144424438,Mahon,GOW
sgd,1,200,0.008709599,0.08392103761434555,Mahon,GOW
sgd,5,10,0.009025734,0.6557917594909668,Mahon,GOW
sgd,5,50,0.009025734,0.4364335238933563,Mahon,GOW
sgd,5,100,0.009066049,0.332002192735672,Mahon,GOW
sgd,5,200,0.009025734,0.23065175116062164,Mahon,GOW
sgd,10,10,0.00894564,0.975017249584198,Mahon,GOW
sgd,10,50,0.008787579,0.22169704735279083,Mahon,GOW
sgd,10,100,0.0087485025,0.2699378430843353,Mahon,GOW
sgd,10,200,0.009025734,0.44184309244155884,Mahon,GOW
sgd,15,10,0.008985598,0.8035579919815063,Mahon,GOW
sgd,15,50,0.008709599,0.547650158405304,Mahon,GOW
sgd,15,100,0.008787579,0.37610194087028503,Mahon,GOW
sgd,15,200,0.009025734,0.6291633248329163,Mahon,GOW
rmsprop,1,10,0.008985598,0.0900149866938591,Mahon,GOW
rmsprop,1,50,0.008517663,0.09422055631875992,Mahon,GOW
rmsprop,1,100,0.008985598,0.1103692427277565,Mahon,GOW
rmsprop,1,200,0.0081463875,0.09226259589195251,Mahon,GOW
rmsprop,5,10,0.009106544,0.786686360836029,Mahon,GOW
rmsprop,5,50,0.009106544,0.3422311544418335,Mahon,GOW
rmsprop,5,100,0.009025734,0.33688223361968994,Mahon,GOW
rmsprop,5,200,0.009066049,0.1505088359117508,Mahon,GOW
rmsprop,10,10,0.009106544,0.8719454407691956,Mahon,GOW
rmsprop,10,50,0.009106544,0.44978663325309753,Mahon,GOW
rmsprop,10,100,0.008905861,0.46439483761787415,Mahon,GOW
rmsprop,10,200,0.00894564,0.3644389510154724,Mahon,GOW
rmsprop,15,10,0.0071587022,1.1269447803497314,Mahon,GOW
rmsprop,15,50,0.009066049,0.5359141826629639,Mahon,GOW
rmsprop,15,100,0.008985598,0.5616170167922974,Mahon,GOW
rmsprop,15,200,0.009066049,1.0764466524124146,Mahon,GOW
adam,1,10,0.008670869,0.10293569415807724,Mahon,COP
adam,1,50,0.00882683,0.10254481434822083,Mahon,COP
adam,1,100,0.008479787,0.1075848788022995,Mahon,COP
adam,1,200,0.008367165,0.09515092521905899,Mahon,COP
adam,5,10,0.009066049,0.7945282459259033,Mahon,COP
adam,5,50,0.009066049,0.3761160373687744,Mahon,COP
adam,5,100,0.009066049,0.21567174792289734,Mahon,COP
adam,5,200,0.009066049,0.1656053513288498,Mahon,COP
adam,10,10,0.008985598,1.226064682006836,Mahon,COP
adam,10,50,0.008985598,0.34357181191444397,Mahon,COP
adam,10,100,0.008985598,0.5573968887329102,Mahon,COP
adam,10,200,0.0087485025,1.1015108823776245,Mahon,COP
adam,15,10,0.008905861,0.9696938395500183,Mahon,COP
adam,15,50,0.009106544,0.6033957600593567,Mahon,COP
adam,15,100,0.009066049,1.10117506980896,Mahon,COP
adam,15,200,0.009106544,1.1017639636993408,Mahon,COP
sgd,1,10,0.008442079,0.10496611893177032,Mahon,COP
sgd,1,50,0.006403918,0.09526248276233673,Mahon,COP
sgd,1,100,0.006403918,0.09467073529958725,Mahon,COP
sgd,1,200,0.006403918,0.09402476996183395,Mahon,COP
sgd,5,10,0.009025734,0.7094295024871826,Mahon,COP
sgd,5,50,0.009025734,0.460732638835907,Mahon,COP
sgd,5,100,0.009025734,0.35334330797195435,Mahon,COP
sgd,5,200,0.009025734,0.22199812531471252,Mahon,COP
sgd,10,10,0.009025734,0.9913836717605591,Mahon,COP
sgd,10,50,0.008787579,0.24485839903354645,Mahon,COP
sgd,10,100,0.008866257,0.21902324259281158,Mahon,COP
sgd,10,200,0.009025734,0.47718632221221924,Mahon,COP
sgd,15,10,0.008670869,0.77873295545578,Mahon,COP
sgd,15,50,0.008787579,0.6540578603744507,Mahon,COP
sgd,15,100,0.008709599,0.5150864720344543,Mahon,COP
sgd,15,200,0.009025734,0.6180737614631653,Mahon,COP
rmsprop,1,10,0.008709599,0.09254997968673706,Mahon,COP
rmsprop,1,50,0.008182774,0.09192211925983429,Mahon,COP
rmsprop,1,100,0.007966863,0.09934525936841965,Mahon,COP
rmsprop,1,200,0.0081463875,0.10527098178863525,Mahon,COP
rmsprop,5,10,0.009106544,0.7744366526603699,Mahon,COP
rmsprop,5,50,0.009106544,0.40685585141181946,Mahon,COP
rmsprop,5,100,0.009066049,0.29751768708229065,Mahon,COP
rmsprop,5,200,0.009106544,0.28657615184783936,Mahon,COP
rmsprop,10,10,0.009106544,1.2246230840682983,Mahon,COP
rmsprop,10,50,0.009106544,0.46314749121665955,Mahon,COP
rmsprop,10,100,0.008905861,0.4963744878768921,Mahon,COP
rmsprop,10,200,0.009066049,0.3613020181655884,Mahon,COP
rmsprop,15,10,0.009025734,0.8525665402412415,Mahon,COP
rmsprop,15,50,0.009106544,0.5124775171279907,Mahon,COP
rmsprop,15,100,0.009106544,1.0763174295425415,Mahon,COP
rmsprop,15,200,0.009106544,1.0763254165649414,Mahon,COP
adam,1,10,0.009315969,0.15853293240070343,Gran_Canaria,GOW
adam,1,50,0.009342411,0.14935064315795898,Gran_Canaria,GOW
adam,1,100,0.009368926,0.1469423472881317,Gran_Canaria,GOW
adam,1,200,0.008532394,0.14803220331668854,Gran_Canaria,GOW
adam,5,10,0.009422184,0.7997444868087769,Gran_Canaria,GOW
adam,5,50,0.009422184,0.48572099208831787,Gran_Canaria,GOW
adam,5,100,0.009422184,0.3962857127189636,Gran_Canaria,GOW
adam,5,200,0.009315969,0.2965928316116333,Gran_Canaria,GOW
adam,10,10,0.008928221,0.8000533580780029,Gran_Canaria,GOW
adam,10,50,0.009342411,0.9500468969345093,Gran_Canaria,GOW
adam,10,100,0.009368926,0.5454992651939392,Gran_Canaria,GOW
adam,10,200,0.009237096,1.0055509805679321,Gran_Canaria,GOW
adam,15,10,0.009395517,2.572036027908325,Gran_Canaria,GOW
adam,15,50,0.009422184,0.3934169411659241,Gran_Canaria,GOW
adam,15,100,0.009422184,1.0069459676742554,Gran_Canaria,GOW
adam,15,200,0.009422184,1.0056655406951904,Gran_Canaria,GOW
sgd,1,10,0.0075320345,0.15245534479618073,Gran_Canaria,GOW
sgd,1,50,0.008877755,0.1477474868297577,Gran_Canaria,GOW
sgd,1,100,0.009081345,0.14616765081882477,Gran_Canaria,GOW
sgd,1,200,0.008802592,0.14632324874401093,Gran_Canaria,GOW
sgd,5,10,0.009342411,0.5962724685668945,Gran_Canaria,GOW
sgd,5,50,0.009342411,0.378633052110672,Gran_Canaria,GOW
sgd,5,100,0.009395517,0.2569581866264343,Gran_Canaria,GOW
sgd,5,200,0.009395517,0.1946227252483368,Gran_Canaria,GOW
sgd,10,10,0.009368926,0.8348141312599182,Gran_Canaria,GOW
sgd,10,50,0.008928221,0.2827228009700775,Gran_Canaria,GOW
sgd,10,100,0.0075320345,0.2334713488817215,Gran_Canaria,GOW
sgd,10,200,0.009237096,0.2283570021390915,Gran_Canaria,GOW
sgd,15,10,0.009237096,0.8186435699462891,Gran_Canaria,GOW
sgd,15,50,0.00885263,0.3907409608364105,Gran_Canaria,GOW
sgd,15,100,0.009184884,0.5793829560279846,Gran_Canaria,GOW
sgd,15,200,0.00915889,0.40365591645240784,Gran_Canaria,GOW
rmsprop,1,10,0.008508245,0.1457017958164215,Gran_Canaria,GOW
rmsprop,1,50,0.009210953,0.14667043089866638,Gran_Canaria,GOW
rmsprop,1,100,0.009368926,0.14958307147026062,Gran_Canaria,GOW
rmsprop,1,200,0.009263312,0.14684100449085236,Gran_Canaria,GOW
rmsprop,5,10,0.009422184,0.8069511651992798,Gran_Canaria,GOW
rmsprop,5,50,0.009422184,0.46991047263145447,Gran_Canaria,GOW
rmsprop,5,100,0.009422184,0.2530624270439148,Gran_Canaria,GOW
rmsprop,5,200,0.009368926,0.20671255886554718,Gran_Canaria,GOW
rmsprop,10,10,0.009422184,0.9699785709381104,Gran_Canaria,GOW
rmsprop,10,50,0.009422184,0.6059392690658569,Gran_Canaria,GOW
rmsprop,10,100,0.009342411,0.4291912615299225,Gran_Canaria,GOW
rmsprop,10,200,0.009395517,0.29361608624458313,Gran_Canaria,GOW
rmsprop,15,10,0.009422184,1.034510850906372,Gran_Canaria,GOW
rmsprop,15,50,0.009422184,0.517361581325531,Gran_Canaria,GOW
rmsprop,15,100,0.009081345,1.009980320930481,Gran_Canaria,GOW
rmsprop,15,200,0.00915889,0.502944827079773,Gran_Canaria,GOW
adam,1,10,0.009289604,0.147171288728714,Gran_Canaria,COP
adam,1,50,0.009055643,0.15438084304332733,Gran_Canaria,COP
adam,1,100,0.009289604,0.15334121882915497,Gran_Canaria,COP
adam,1,200,0.009368926,0.15316985547542572,Gran_Canaria,COP
adam,5,10,0.009422184,0.8238634467124939,Gran_Canaria,COP
adam,5,50,0.009422184,0.4827272891998291,Gran_Canaria,COP
adam,5,100,0.009395517,0.2959010601043701,Gran_Canaria,COP
adam,5,200,0.009342411,0.22434820234775543,Gran_Canaria,COP
adam,10,10,0.00915889,0.7107203006744385,Gran_Canaria,COP
adam,10,50,0.009422184,0.9248214364051819,Gran_Canaria,COP
adam,10,100,0.009368926,0.6432011723518372,Gran_Canaria,COP
adam,10,200,0.009395517,1.0050464868545532,Gran_Canaria,COP
adam,15,10,0.009422184,0.8172394037246704,Gran_Canaria,COP
adam,15,50,0.009422184,1.3046494722366333,Gran_Canaria,COP
adam,15,100,0.009368926,1.0129613876342773,Gran_Canaria,COP
adam,15,200,0.009422184,1.0070898532867432,Gran_Canaria,COP
sgd,1,10,0.0075320345,0.14935214817523956,Gran_Canaria,COP
sgd,1,50,0.0076612136,0.1471855640411377,Gran_Canaria,COP
sgd,1,100,0.007926255,0.14717505872249603,Gran_Canaria,COP
sgd,1,200,0.0075320345,0.14695586264133453,Gran_Canaria,COP
sgd,5,10,0.009315969,0.5704047679901123,Gran_Canaria,COP
sgd,5,50,0.009342411,0.3962952494621277,Gran_Canaria,COP
sgd,5,100,0.009342411,0.2378847450017929,Gran_Canaria,COP
sgd,5,200,0.009342411,0.18939821422100067,Gran_Canaria,COP
sgd,10,10,0.009263312,0.9353033304214478,Gran_Canaria,COP
sgd,10,50,0.009184884,0.24690665304660797,Gran_Canaria,COP
sgd,10,100,0.008154116,0.23504449427127838,Gran_Canaria,COP
sgd,10,200,0.009263312,0.24137720465660095,Gran_Canaria,COP
sgd,15,10,0.009263312,0.9092659950256348,Gran_Canaria,COP
sgd,15,50,0.008877755,0.39568525552749634,Gran_Canaria,COP
sgd,15,100,0.009237096,0.4866456985473633,Gran_Canaria,COP
sgd,15,200,0.00915889,0.4855242371559143,Gran_Canaria,COP
rmsprop,1,10,0.008532394,0.14875996112823486,Gran_Canaria,COP
rmsprop,1,50,0.008728064,0.1539197415113449,Gran_Canaria,COP
rmsprop,1,100,0.008752836,0.15257777273654938,Gran_Canaria,COP
rmsprop,1,200,0.008629674,0.1521253138780594,Gran_Canaria,COP
rmsprop,5,10,0.009422184,0.7723248600959778,Gran_Canaria,COP
rmsprop,5,50,0.009368926,0.4419689476490021,Gran_Canaria,COP
rmsprop,5,100,0.009422184,0.26555997133255005,Gran_Canaria,COP
rmsprop,5,200,0.009315969,0.4234990179538727,Gran_Canaria,COP
rmsprop,10,10,0.009422184,0.734452486038208,Gran_Canaria,COP
rmsprop,10,50,0.009315969,0.6584183573722839,Gran_Canaria,COP
rmsprop,10,100,0.009395517,0.5486440658569336,Gran_Canaria,COP
rmsprop,10,200,0.009315969,0.3806512951850891,Gran_Canaria,COP
rmsprop,15,10,0.009237096,0.8861619234085083,Gran_Canaria,COP
rmsprop,15,50,0.009081345,0.5227066278457642,Gran_Canaria,COP
rmsprop,15,100,0.009342411,0.6211338043212891,Gran_Canaria,COP
rmsprop,15,200,0.009081345,1.009136438369751,Gran_Canaria,COP
adam,1,10,0.009063661,0.31427818536758423,Tenerife,GOW
adam,1,50,0.008615229,0.319038987159729,Tenerife,GOW
adam,1,100,0.008642594,0.32139432430267334,Tenerife,GOW
adam,1,200,0.009092451,0.3160824477672577,Tenerife,GOW
adam,5,10,0.009063661,0.6406969428062439,Tenerife,GOW
adam,5,50,0.009355708,0.5226694345474243,Tenerife,GOW
adam,5,100,0.009326085,0.46950289607048035,Tenerife,GOW
adam,5,200,0.009092451,0.3830926716327667,Tenerife,GOW
adam,10,10,0.009326085,0.8586186170578003,Tenerife,GOW
adam,10,50,0.009355708,0.5119422078132629,Tenerife,GOW
adam,10,100,0.009326085,0.9523679614067078,Tenerife,GOW
adam,10,200,0.009355708,1.0328166484832764,Tenerife,GOW
adam,15,10,0.009355708,0.886074960231781,Tenerife,GOW
adam,15,50,0.009326085,1.062576174736023,Tenerife,GOW
adam,15,100,0.008949411,1.0634255409240723,Tenerife,GOW
adam,15,200,0.0092377765,1.0633705854415894,Tenerife,GOW
sgd,1,10,0.0072823223,0.31428468227386475,Tenerife,GOW
sgd,1,50,0.008426083,0.31228873133659363,Tenerife,GOW
sgd,1,100,0.0079585565,0.31075260043144226,Tenerife,GOW
sgd,1,200,0.007883198,0.3108372390270233,Tenerife,GOW
sgd,5,10,0.009208527,0.7022725939750671,Tenerife,GOW
sgd,5,50,0.009121332,0.44863268733024597,Tenerife,GOW
sgd,5,100,0.009063661,0.3485974967479706,Tenerife,GOW
sgd,5,200,0.008780731,0.3330593407154083,Tenerife,GOW
sgd,10,10,0.008921074,0.8087981939315796,Tenerife,GOW
sgd,10,50,0.009121332,0.42783012986183167,Tenerife,GOW
sgd,10,100,0.009208527,0.39054521918296814,Tenerife,GOW
sgd,10,200,0.008977838,0.35084423422813416,Tenerife,GOW
sgd,15,10,0.00926712,1.0014429092407227,Tenerife,GOW
sgd,15,50,0.009150305,0.49641895294189453,Tenerife,GOW
sgd,15,100,0.009121332,0.6785821914672852,Tenerife,GOW
sgd,15,200,0.008836601,0.5166705846786499,Tenerife,GOW
rmsprop,1,10,0.009092451,0.3208354413509369,Tenerife,GOW
rmsprop,1,50,0.009208527,0.3760172724723816,Tenerife,GOW
rmsprop,1,100,0.009006355,0.3544473350048065,Tenerife,GOW
rmsprop,1,200,0.009208527,0.3406011164188385,Tenerife,GOW
rmsprop,5,10,0.009063661,0.5709657073020935,Tenerife,GOW
rmsprop,5,50,0.009355708,0.5358725190162659,Tenerife,GOW
rmsprop,5,100,0.009355708,0.40876418352127075,Tenerife,GOW
rmsprop,5,200,0.009006355,0.4583599269390106,Tenerife,GOW
rmsprop,10,10,0.009355708,0.8713518381118774,Tenerife,GOW
rmsprop,10,50,0.009355708,0.6264363527297974,Tenerife,GOW
rmsprop,10,100,0.009296555,0.4785909652709961,Tenerife,GOW
rmsprop,10,200,0.009326085,0.46663904190063477,Tenerife,GOW
rmsprop,15,10,0.009355708,0.9695178866386414,Tenerife,GOW
rmsprop,15,50,0.009355708,0.793724000453949,Tenerife,GOW
rmsprop,15,100,0.009121332,0.6000000834465027,Tenerife,GOW
rmsprop,15,200,0.0072823223,1.0581142902374268,Tenerife,GOW
adam,1,10,0.009092451,0.32642436027526855,Tenerife,COP
adam,1,50,0.008346297,0.32794389128685,Tenerife,COP
adam,1,100,0.008725213,0.34036123752593994,Tenerife,COP
adam,1,200,0.008670047,0.32892897725105286,Tenerife,COP
adam,5,10,0.009355708,0.7558742761611938,Tenerife,COP
adam,5,50,0.00926712,0.5205880403518677,Tenerife,COP
adam,5,100,0.009326085,0.4104856252670288,Tenerife,COP
adam,5,200,0.009208527,0.420166552066803,Tenerife,COP
adam,10,10,0.009326085,0.7004095911979675,Tenerife,COP
adam,10,50,0.009355708,1.0697928667068481,Tenerife,COP
adam,10,100,0.009326085,0.4714218080043793,Tenerife,COP
adam,10,200,0.009355708,1.061651349067688,Tenerife,COP
adam,15,10,0.009208527,1.7701321840286255,Tenerife,COP
adam,15,50,0.009355708,1.0633485317230225,Tenerife,COP
adam,15,100,0.009355708,1.0635186433792114,Tenerife,COP
adam,15,200,0.009208527,1.062455415725708,Tenerife,COP
sgd,1,10,0.009092451,0.32003140449523926,Tenerife,COP
sgd,1,50,0.008836601,0.3233304023742676,Tenerife,COP
sgd,1,100,0.007398717,0.3214724063873291,Tenerife,COP
sgd,1,200,0.008060157,0.32293063402175903,Tenerife,COP
sgd,5,10,0.0092377765,0.6743488311767578,Tenerife,COP
sgd,5,50,0.008836601,0.4161432087421417,Tenerife,COP
sgd,5,100,0.008642594,0.3620074391365051,Tenerife,COP
sgd,5,200,0.007759182,0.3408275842666626,Tenerife,COP
sgd,10,10,0.0092377765,0.8032946586608887,Tenerife,COP
sgd,10,50,0.00926712,0.446102499961853,Tenerife,COP
sgd,10,100,0.0092377765,0.40830859541893005,Tenerife,COP
sgd,10,200,0.00926712,0.44932377338409424,Tenerife,COP
sgd,15,10,0.00926712,1.469724416732788,Tenerife,COP
sgd,15,50,0.009121332,0.51554274559021,Tenerife,COP
sgd,15,100,0.00917937,0.6216808557510376,Tenerife,COP
sgd,15,200,0.009208527,0.7067378759384155,Tenerife,COP
rmsprop,1,10,0.008892828,0.32923829555511475,Tenerife,COP
rmsprop,1,50,0.008479698,0.36043673753738403,Tenerife,COP
rmsprop,1,100,0.009006355,0.34220191836357117,Tenerife,COP
rmsprop,1,200,0.008670047,0.3441799581050873,Tenerife,COP
rmsprop,5,10,0.009355708,0.6934962272644043,Tenerife,COP
rmsprop,5,50,0.009326085,0.48071613907814026,Tenerife,COP
rmsprop,5,100,0.009092451,0.46396440267562866,Tenerife,COP
rmsprop,5,200,0.008587951,0.39637404680252075,Tenerife,COP
rmsprop,10,10,0.009355708,0.7915498614311218,Tenerife,COP
rmsprop,10,50,0.0092377765,0.7230740785598755,Tenerife,COP
rmsprop,10,100,0.009326085,0.4515659809112549,Tenerife,COP
rmsprop,10,200,0.00917937,0.5385128855705261,Tenerife,COP
rmsprop,15,10,0.009063661,2.072291612625122,Tenerife,COP
rmsprop,15,50,0.009063661,0.6604725122451782,Tenerife,COP
rmsprop,15,100,0.0072823223,1.0576940774917603,Tenerife,COP
rmsprop,15,200,0.00926712,1.0550891160964966,Tenerife,COP
